"ID","DOT_WEB_ID","CASE_NUMBER","CRASH_YEAR","COUNTY","MUNICIPALITY","CRASH_DATE","CRASH_DAY_OF_WEEK","CRASH_MONTH","CRASH_TIME","POLICE_DEPT_CODE","POLICE_DEPARTMENT","POLICE_STATION","TOTAL_KILLED","TOTAL_INCAPACITATED","TOTAL_INJURED","PEDESTRIANS_KILLED","PEDESTRIANS_INJURED","SEVERITY","INTERSECTION","ALCOHOL_INVOLVED","HAZMAT_INVOLVED","CRASH_TYPE","TOTAL_VEHICLES_INVOLVED","CRASH_LOCATION","LOCATION_DIRECTION","ROUTE","ROUTE_SUFFIX","SRI","MILEPOST","ROAD_SYSTEM","ROAD_CHARACTER","ROAD_SURFACE_TYPE","SURFACE_CONDITION","LIGHT_CONDITION","ENVIRONMENTAL_CONDITION","ROAD_DIVIDED_BY","TEMP_TRAFFIC_CONTROL_ZONE","DISTANCE_TO_CROSS_STREET","UNIT_OF_MEASUREMENT","DIRECTION_FROM_CROSS_STREET","CROSS_STREET_NAME","IS_RAMP","RAMP_TO_FROM_ROUTE_NAME","RAMP_TO_FROM_ROUTE_DIRECTION","POSTED_SPEED","POSTED_SPEED_CROSS_STREET","LATITUDE","LONGITUDE","CELL_PHONE_IN_USE","OTHER_PROPERTY_DAMAGE","REPORTING_BADGE_NO","X","Y","CRASH_NARRATIVE","MPO","TOTAL_PEDESTRIANS_INVOLVED","EPDO","DLN","LatitudeGeocoded","LongitudeGeocoded"
3736919,"20111102I-2011-012475","I-2011-012475",2011,"MERCER","Ewing Township","2011-05-07","Saturday","May","09:56:00",1,"EWING TWP PD","SQUAD3 TRAFFIC",0,0,1,0,1,"Injury","Not At Intersection","No","No","Struck Parked Vehicle",2,"1517 PENNINGTON RD-7-11 STORE","NULL",NA,"","",NA,"Private Property","Straight and Level","Blacktop","Dry","Daylight","Clear","None","None",NA,"NULL","NULL","","NULL","","NULL",NA,NA,0,0,"No","69- BUILDING 7-11 STORE 1517 PENNINGTON RD EWING NJ 08618 JOHN KIM","149",NA,NA,NA,"DVRPC",2,"Moderate Injury",11400251,40.2503936,-74.7764192
3737026,"20111102I-2011-016367","I-2011-016367",2011,"MERCER","Ewing Township","2011-06-14","Tuesday","June","22:13:00",1,"EWING TWP PD","PLATOON 1-SQUA?",0,0,0,0,0,"Property Damage","Not At Intersection","Yes","No","Pedestrian",1,"ROUTE 579","NULL",579,"","00000579",NA,"County","Straight and Grade","Blacktop","Wet","Dark (Street Lights On/ continuous)","Clear","None","None",1000,"Foot","South","LOWER FERRY RD (RT 643)","NULL","","NULL",40,40,0,0,"No","","151",NA,NA,NA,"DVRPC",1,"PDO",11401141,40.2488334,-74.8121982
3737085,"20111102I-2011-018113","I-2011-018113",2011,"MERCER","Ewing Township","2011-07-01","Friday","July","12:04:00",1,"EWING TWP PD","SQUAD 4A",0,0,2,0,1,"Injury","Not At Intersection","No","No","Right Angle",2,"MERCER COUNTY 622","NULL",622,"","11000622",5.38,"County","Straight and Level","Blacktop","Dry","Daylight","Clear","None","None",300,"Foot","East","CR 636","NULL","","NULL",35,40,0,0,"No","","178",416003.13,515796.22,NA,"DVRPC",1,"Pain",11400431,40.2488201,-74.7717619
3737207,"20111102I-2011-022361","I-2011-022361",2011,"MERCER","Ewing Township","2011-08-17","Wednesday","August","10:39:00",1,"EWING TWP PD","3A",0,0,1,0,1,"Injury","Not At Intersection","No","No","Pedestrian",1,"801 PARKWAY AVE-LARKINS","NULL",NA,"","",NA,"Private Property","Straight and Level","Blacktop","Dry","Daylight","Clear","None","None",NA,"NULL","NULL","","NULL","","NULL",NA,NA,0,0,"No","","149",NA,NA,NA,"DVRPC",2,"Pain",11400842,40.2521148,-74.7902226
3737248,"20111102I-2011-024143","I-2011-024143",2011,"MERCER","Ewing Township","2011-09-02","Friday","September","10:02:00",1,"EWING TWP PD","SQUAD 2B",0,0,0,0,0,"Property Damage","Not At Intersection","No","No","Fixed Object",1,"1410 PARKWAY AVENUE","NULL",NA,"","",NA,"Private Property","Straight and Level","Blacktop","Dry","Daylight","Clear","None","None",NA,"NULL","NULL","","NULL","","NULL",NA,NA,0,0,"No","BARRY RAMKE 1410 1410 PARKWAY AVE SUITE C C2 D EWING NJ","165",NA,NA,NA,"DVRPC",2,"PDO",11401175,40.2672271,-74.8068494
3737427,"20111102I-2011-029386","I-2011-029386",2011,"MERCER","Ewing Township","2011-10-28","Friday","October","22:39:00",1,"EWING TWP PD","SQUAD A TRAFFIC",1,0,0,1,0,"Fatal","Not At Intersection","No","No","Pedestrian",2,"MERCER COUNTY 636","NULL",636,"","11000636",1.74,"County","Straight and Grade","Blacktop","Dry","Dark (Street LIghts On/ spot)","Clear","None","None",65,"Foot","North","IVES AVENUE","NULL","","NULL",35,25,0,0,"No","","163",416751.06963,516406.140038,NA,"DVRPC",1,"Fatal Injury",11243861,40.2507049,-74.7701939
3737473,"20111102I-2011-030392","I-2011-030392",2011,"MERCER","Ewing Township","2011-11-07","Monday","November","18:05:00",1,"EWING TWP PD","P2-A",0,0,0,0,0,"Property Damage","Not At Intersection","No","No","Pedestrian",1,"MERCER COUNTY 622","East",622,"","11000622",NA,"County","Straight and Level","Blacktop","Dry","Dark (Street Lights On/ continuous)","Clear","None","None",75,"Foot","East","PARKSIDE AVENUE (RT-636)","NULL","","NULL",40,35,0,0,"No","NONE","105",NA,NA,NA,"DVRPC",1,"PDO",11402305,40.2488201,-74.7717619
3737530,"20111102I-2011-032028","I-2011-032028",2011,"MERCER","Ewing Township","2011-11-28","Monday","November","18:46:00",1,"EWING TWP PD","SQUAD3 TRAFFIC",1,0,0,1,0,"Fatal","Not At Intersection","No","No","Pedestrian",1,"MERCER COUNTY 613","NULL",613,"","11000613",0.59,"County","Straight and Level","Blacktop","Dry","Dark (Street Lights On/ continuous)","Clear","None","None",60,"Foot","East","FOURTH ST","NULL","","NULL",NA,25,0,0,"No","","149",420490.47,515762.85,NA,"DVRPC",1,"Fatal Injury",11291082,40.2491351,-74.7566568
3737571,"20111102I-2011-032973","I-2011-032973",2011,"MERCER","Ewing Township","2011-12-09","Friday","December","17:14:00",1,"EWING TWP PD","SQUAD3 TRAFFIC",0,0,0,0,0,"Property Damage","Not At Intersection","No","No","Pedestrian",1,"1750 OLDEN AVE-SHOP RITE","NULL",NA,"","",NA,"Private Property","Straight and Level","Blacktop","Dry","Dark (Street Lights On/ continuous)","Clear","None","None",NA,"NULL","NULL","","NULL","","NULL",NA,NA,0,0,"No","","149",NA,NA,NA,"DVRPC",1,"PDO",11402490,40.2495624,-74.7693835
3737588,"20111102I-2011-033356","I-2011-033356",2011,"MERCER","Ewing Township","2011-12-14","Wednesday","December","16:31:00",1,"EWING TWP PD","SQUAD 4B",0,0,0,0,0,"Property Damage","Not At Intersection","No","No","Struck Parked Vehicle",2,"1550 OLDEN AV(CAPPLAZA)","NULL",NA,"","",NA,"Private Property","Straight and Level","Blacktop","Dry","Dark (Street Lights Off)","Clear","None","None",NA,"NULL","NULL","","NULL","","NULL",NA,NA,0,0,"No","","143",NA,NA,NA,"DVRPC",1,"PDO",11402762,40.242911,-74.752371
3737593,"20111102I-2011-033549","I-2011-033549",2011,"MERCER","Ewing Township","2011-12-16","Friday","December","17:17:00",1,"EWING TWP PD","P2-A",0,0,1,0,1,"Injury","Not At Intersection","No","No","Pedestrian",1,"MERCER COUNTY 622","NULL",622,"","11000622",4.65,"County","Straight and Grade","Blacktop","Dry","Dark (Street Lights On/ continuous)","Clear","None","None",120,"Foot","East","CR 639","NULL","","NULL",40,35,0,0,"No","","105",419502.36,514121.4,NA,"DVRPC",1,"Pain",11402767,40.2446291,-74.7602465
3737605,"20111102I-2011-033796","I-2011-033796",2011,"MERCER","Ewing Township","2011-12-20","Tuesday","December","09:11:00",1,"EWING TWP PD","P2-A",0,0,1,0,1,"Injury","Not At Intersection","No","No","Pedestrian",1,"ROSEDALE AVENUE","NULL",NA,"","11021259",0.019,"Municipal","Straight and Level","Blacktop","Dry","Daylight","Clear","None","None",45,"Foot","East","CR 636","NULL","","NULL",25,35,0,0,"No","","105",415867.44185,514982.00273,NA,"DVRPC",1,"Pain",11402789,40.247118,-74.77347
3737639,"20111102I-2011-034556","I-2011-034556",2011,"MERCER","Ewing Township","2011-12-30","Friday","December","16:58:00",1,"EWING TWP PD","PLATOON 1",0,0,1,0,1,"Injury","Not At Intersection","No","No","Pedestrian",1,"MERCER COUNTY 622","NULL",622,"","11000622",6.2,"County","Straight and Level","Blacktop","Dry","Dark (Street Lights On/ continuous)","Clear","None","None",10,"Foot","East","HIGHGATE DRIVE","NULL","","NULL",40,25,0,0,"No","","115",411935.865809,516785.737579,NA,"DVRPC",1,"Pain",11402967,40.2518641,-74.7873698
3737734,"2011110311-10916","11-10916",2011,"MERCER","Hamilton Twp (Mercer Co)","2011-03-19","Saturday","March","19:49:00",1,"HAMILTON TWP PD (MERCER)","",0,0,1,0,1,"Injury","Not At Intersection","No","No","Pedestrian",1,"740 RT 130","NULL",NA,"","",NA,"Private Property","Straight and Grade","Blacktop","Dry","Dark (Street Lights On/ continuous)","Clear","None","None",NA,"NULL","NULL","","NULL","","NULL",NA,NA,0,0,"No","","364",NA,NA,NA,"DVRPC",1,"Pain",11061655,40.1944879,-74.6440839
3737874,"2011110311-13776","11-13776",2011,"MERCER","Hamilton Twp (Mercer Co)","2011-04-07","Thursday","April","16:10:00",1,"HAMILTON TWP PD (MERCER)","",0,0,1,0,1,"Injury","Not At Intersection","No","No","Pedestrian",1,"(PARKING LOT) 800 SLOAN AVE","NULL",NA,"","",NA,"Private Property","Straight and Level","Blacktop","Dry","Daylight","Clear","None","None",NA,"NULL","NULL","","NULL","","NULL",NA,NA,0,0,"No","","396",NA,NA,NA,"DVRPC",1,"Pain",11079685,40.2560406,-74.7017949
3738025,"2011110311-17439","11-17439",2011,"MERCER","Hamilton Twp (Mercer Co)","2011-05-02","Monday","May","08:51:00",1,"HAMILTON TWP PD (MERCER)","",0,0,1,0,1,"Injury","Not At Intersection","No","No","Pedestrian",1,"941 WHITEHORSE AVE","NULL",NA,"","",NA,"Private Property","Straight and Level","Blacktop","Dry","Daylight","Clear","None","None",NA,"NULL","NULL","","NULL","","NULL",NA,NA,0,0,"No","NONE","381",NA,NA,NA,"DVRPC",1,"Pain",11095350,40.2041819,-74.6962978
3738223,"2011110311-20888","11-20888",2011,"MERCER","Hamilton Twp (Mercer Co)","2011-05-25","Wednesday","May","10:58:00",1,"HAMILTON TWP PD (MERCER)","",0,0,1,0,1,"Injury","Not At Intersection","No","No","Pedestrian",1,"2055 NOTTINGHAM WY","NULL",NA,"","",NA,"Private Property","Straight and Level","Blacktop","Dry","Daylight","Clear","None","None",NA,"NULL","NULL","","NULL","","NULL",15,NA,0,0,"No","","458",NA,NA,NA,"DVRPC",1,"Moderate Injury",11111323,40.2331575,-74.707532
3738289,"2011110311-22215","11-22215",2011,"MERCER","Hamilton Twp (Mercer Co)","2011-06-02","Thursday","June","11:18:00",1,"HAMILTON TWP PD (MERCER)","",0,0,1,0,1,"Injury","Not At Intersection","No","No","Pedestrian",1,"REEVES AVE","East",NA,"","11031358",0.355,"Municipal","Straight and Level","Concrete","Dry","Daylight","Clear","None","None",25,"Foot","West","ARENA DR","NULL","","NULL",25,40,0,0,"No","","418",432294.657441,498665.335615,NA,"DVRPC",1,"Moderate Injury",11112519,40.2022816,-74.7140705
3738382,"2011110311-24020","11-24020",2011,"MERCER","Hamilton Twp (Mercer Co)","2011-06-14","Tuesday","June","12:15:00",1,"HAMILTON TWP PD (MERCER)","",0,0,1,0,1,"Injury","At Intersection","No","No","Pedestrian",1,"HAMILTON SQUARE-WHITEHORSE RD","North",NA,"","11031988",1.12,"Municipal","Straight and Level","Blacktop","Dry","Daylight","Clear","None","None",NA,"At","NULL","HAMILTON HEALTH PLACE","NULL","","NULL",35,25,0,0,"No","","384",443316.889168,504062.030087,NA,"DVRPC",1,"Pain",11132724,40.2163478,-74.6755307
3738606,"2011110311-28599","11-28599",2011,"MERCER","Hamilton Twp (Mercer Co)","2011-07-15","Friday","July","14:01:00",1,"HAMILTON TWP PD (MERCER)","",0,0,1,0,1,"Injury","Not At Intersection","No","No","Pedestrian",1,"MERCER COUNTY 622","West",622,"","11000622",0.55,"County","Straight and Level","Blacktop","Dry","Daylight","Clear","None","None",15,"Foot","West","ESTATES BLVD","NULL","","NULL",35,25,0,0,"No","","398",434362.510747,499736.257578,NA,"DVRPC",1,"Pain",11157760,40.232036,-74.6876939
3738633,"2011110311-29179","11-29179",2011,"MERCER","Hamilton Twp (Mercer Co)","2011-07-19","Tuesday","July","20:44:00",1,"HAMILTON TWP PD (MERCER)","",0,0,1,0,1,"Injury","Not At Intersection","No","No","Pedestrian",1,"GENESEE ST","North",NA,"","11031471",0.483,"Municipal","Straight and Level","Blacktop","Dry","Dark (Street LIghts On/ spot)","Clear","None","None",90,"Foot","South","JOSEPH ST.","NULL","","NULL",25,25,0,0,"No","","418",427603.504992,497825.025106,NA,"DVRPC",1,"Moderate Injury",11157740,40.200192,-74.731611
3738735,"2011110311-31199","11-31199",2011,"MERCER","Hamilton Twp (Mercer Co)","2011-08-02","Tuesday","August","12:40:00",1,"HAMILTON TWP PD (MERCER)","",0,0,0,0,0,"Property Damage","At Intersection","No","No","Pedestrian",1,"ROUTE 524","West",524,"","00000524",NA,"County","Straight and Level","Blacktop","Dry","Daylight","Clear","None","None",NA,"At","NULL","COLE RIDGE AVE","NULL","","NULL",40,25,0,0,"No","","384",NA,NA,NA,"DVRPC",1,"PDO",11168035,40.1860544,-74.6853906
3738850,"2011110311-33860","11-33860",2011,"MERCER","Hamilton Twp (Mercer Co)","2011-08-19","Friday","August","20:33:00",1,"HAMILTON TWP PD (MERCER)","",0,0,1,0,1,"Injury","At Intersection","No","No","Pedestrian",1,"NJ 33","West",33,"","00000033",1.64,"State Highway","Straight and Level","Blacktop","Wet","Dark (Street LIghts On/ spot)","Rain","None","None",NA,"At","NULL","CONNECTICUT AVE","NULL","","NULL",30,25,0,0,"No","","418",427703.929688,507725.248002,NA,"DVRPC",1,"Pain",11180747,40.2270858,-74.7307755
3738995,"2011110311-36888","11-36888",2011,"MERCER","Hamilton Twp (Mercer Co)","2011-09-07","Wednesday","September","16:54:00",1,"HAMILTON TWP PD (MERCER)","",0,0,1,0,1,"Injury","Not At Intersection","No","No","Pedestrian",1,"SHARPS LN","East",NA,"","11031565",0.238,"Municipal","Curve and Grade","Blacktop","Wet","Daylight","Overcast","None","None",325,"Foot","West","ASHWOOD AVE","NULL","","NULL",25,25,0,0,"No","","407",440034.900149,496474.78501,NA,"DVRPC",1,"Moderate Injury",11193360,40.19656,-74.685352
3739009,"2011110311-37168","11-37168",2011,"MERCER","Hamilton Twp (Mercer Co)","2011-09-09","Friday","September","14:10:00",1,"HAMILTON TWP PD (MERCER)","",0,0,0,0,0,"Property Damage","Not At Intersection","No","No","Pedestrian",1,"4 QUAKERBRIDGE PLAZA DR","NULL",NA,"","",NA,"Private Property","Straight and Level","Blacktop","Dry","Daylight","Clear","None","None",NA,"NULL","NULL","","NULL","","NULL",NA,NA,0,0,"No","(NONE) P-2 TAKEN TO RWJ HOSPITAL VIA AMBULANCE","388",NA,NA,NA,"DVRPC",1,"PDO",11193351,40.2539314,-74.6818243
3739214,"2011110311-41142","11-41142",2011,"MERCER","Hamilton Twp (Mercer Co)","2011-10-06","Thursday","October","17:06:00",1,"HAMILTON TWP PD (MERCER)","",0,0,0,0,0,"Property Damage","Not At Intersection","No","No","Pedestrian",1,"ROUTE 535","West",535,"","00000535",0.58,"County","Straight and Level","Blacktop","Dry","Daylight","Clear","None","None",50,"Foot","East","ADELLA LA","NULL","","NULL",25,25,0,0,"No","","403",427983.99996,510480.449922,NA,"DVRPC",1,"PDO",11222075,40.2350963,-74.7294702
3739258,"2011110311-4196","11-4196",2011,"MERCER","Hamilton Twp (Mercer Co)","2011-01-31","Monday","January","07:24:00",1,"HAMILTON TWP PD (MERCER)","",0,0,0,0,0,"Property Damage","Not At Intersection","No","No","Pedestrian",1,"NJ 33","West",33,"","00000033",1.65,"State Highway","Straight and Level","Blacktop","Dry","Daylight","Clear","None","None",75,"Foot","East","CONNECTICUT AVE","NULL","","NULL",35,25,0,0,"No","","384",427747.250141,507751.790259,NA,"DVRPC",1,"PDO",11017694,40.2270858,-74.7307755
3739264,"2011110311-4211","11-4211",2011,"MERCER","Hamilton Twp (Mercer Co)","2011-01-31","Monday","January","08:15:00",1,"HAMILTON TWP PD (MERCER)","",0,0,1,0,1,"Injury","At Intersection","No","No","Pedestrian",1,"YARDVILLE HAM SQ RD","NULL",NA,"","11031990",3.01,"Municipal","Straight and Level","Blacktop","Dry","Daylight","Clear","None","None",NA,"At","NULL","ESTATES BLVD","NULL","","NULL",35,25,0,0,"No","","322",446982.53,505237.19,NA,"DVRPC",1,"Pain",11038433,40.2205577,-74.6617181
3739312,"2011110311-43136","11-43136",2011,"MERCER","Hamilton Twp (Mercer Co)","2011-10-19","Wednesday","October","07:34:00",1,"HAMILTON TWP PD (MERCER)","",0,0,0,0,0,"Property Damage","Not At Intersection","No","No","Pedestrian",1,"2300 S BROAD ST","NULL",NA,"","",NA,"Private Property","Straight and Level","Blacktop","Wet","Daylight","Rain","None","None",NA,"NULL","NULL","","NULL","","NULL",NA,NA,0,0,"No","","322",NA,NA,NA,"DVRPC",1,"PDO",11235372,40.1962649,-74.722133
3739355,"2011110311-43786","11-43786",2011,"MERCER","Hamilton Twp (Mercer Co)","2011-10-23","Sunday","October","17:30:00",1,"HAMILTON TWP PD (MERCER)","",0,0,1,0,1,"Injury","Not At Intersection","No","No","Pedestrian",1,"HOBART AVE","NULL",NA,"","11031408",0.271,"Municipal","Straight and Level","Blacktop","Dry","Daylight","Clear","None","None",50,"Foot","West","NORWAY AVE","NULL","","NULL",25,25,0,0,"No","","325",429413.540636,506093.819992,NA,"DVRPC",1,"Pain",11237229,40.2226916,-74.7244647
3739357,"2011110311-43829","11-43829",2011,"MERCER","Hamilton Twp (Mercer Co)","2011-10-24","Monday","October","07:38:00",1,"HAMILTON TWP PD (MERCER)","",0,0,1,0,0,"Injury","At Intersection","No","No","Pedestrian",1,"US 206","NULL",206,"","00000206",NA,"State Highway","Straight and Level","Blacktop","Dry","Daylight","Clear","Curbed Median","None",NA,"At","NULL","W PARK AVE.","NULL","","NULL",35,25,0,0,"No","","352",NA,NA,NA,"DVRPC",1,"Pain",11237225,40.1962326,-74.7243969
3739447,"2011110311-45018","11-45018",2011,"MERCER","Hamilton Twp (Mercer Co)","2011-10-31","Monday","October","19:35:00",1,"HAMILTON TWP PD (MERCER)","",0,0,1,0,1,"Injury","Not At Intersection","No","No","Pedestrian",1,"PHILLIPS AVE","NULL",NA,"","11031533",0.103,"Municipal","Straight and Level","Blacktop","Dry","Dark (Street Lights On/ continuous)","Clear","None","None",300,"Foot","North","LACY AVE","NULL","","NULL",25,25,0,0,"No","","329",435838.384068,494421.455887,NA,"DVRPC",1,"Moderate Injury",11253382,40.1905923,-74.700478
3739499,"2011110311-4590","11-4590",2011,"MERCER","Hamilton Twp (Mercer Co)","2011-02-02","Wednesday","February","18:27:00",1,"HAMILTON TWP PD (MERCER)","",0,1,1,0,1,"Injury","Not At Intersection","No","No","Pedestrian",1,"HARCOURT DR","East",NA,"","11031701",0.329,"Municipal","Straight and Level","Blacktop","Wet","Dark (Street LIghts On/ spot)","Overcast","None","None",50,"Foot","East","MEREDITH RD.","NULL","","NULL",25,25,0,0,"No","","418",432348.694842,494498.988571,NA,"DVRPC",1,"Incapacitating Injury",11032021,40.190676,-74.714053
3739537,"2011110311-46622","11-46622",2011,"MERCER","Hamilton Twp (Mercer Co)","2011-11-10","Thursday","November","18:06:00",1,"HAMILTON TWP PD (MERCER)","",0,0,1,0,1,"Injury","Not At Intersection","No","No","Pedestrian",1,"GOEKE DR","West",NA,"","11031590",0.054,"Municipal","Straight and Level","Blacktop","Dry","Dark (Street LIghts On/ spot)","Clear","None","None",30,"Foot","West","WOLF DR","NULL","","NULL",25,25,0,0,"No","","418",437417.091161,498980.975948,NA,"DVRPC",1,"Moderate Injury",11262580,40.2013973,-74.6954532
3739598,"2011110311-47769","11-47769",2011,"MERCER","Hamilton Twp (Mercer Co)","2011-11-18","Friday","November","15:41:00",1,"HAMILTON TWP PD (MERCER)","",0,0,1,0,1,"Injury","At Intersection","No","No","Pedestrian",1,"WHITEHALL RD","West",NA,"","11031169",0.09,"Municipal","Straight and Level","Blacktop","Dry","Daylight","Clear","None","None",NA,"At","NULL","SHADY LN","NULL","","NULL",25,25,0,0,"No","","398",441774.280013,506439.020155,NA,"DVRPC",1,"Pain",11266241,40.223595,-74.680246
3739674,"2011110311-48752","11-48752",2011,"MERCER","Hamilton Twp (Mercer Co)","2011-11-25","Friday","November","17:20:00",1,"HAMILTON TWP PD (MERCER)","",0,0,1,0,1,"Injury","At Intersection","No","No","Pedestrian",1,"NJ 33","East",33,"","00000033",6.35,"State Highway","Straight and Level","Blacktop","Dry","Dark (Street LIghts On/ spot)","Clear","None","None",NA,"At","NULL","GEORGE DYE RD","NULL","","NULL",45,25,0,0,"No","","418",451290.227405,506170.096115,NA,"DVRPC",1,"Moderate Injury",11270370,40.2230645,-74.6464962
3739726,"2011110311-49799","11-49799",2011,"MERCER","Hamilton Twp (Mercer Co)","2011-12-02","Friday","December","16:55:00",1,"HAMILTON TWP PD (MERCER)","",0,0,1,0,1,"Injury","Not At Intersection","No","No","Pedestrian",1,"2701 S BROAD ST","NULL",NA,"","",NA,"Private Property","Straight and Level","Concrete","Dry","Dark (Street Lights On/ continuous)","Clear","None","None",NA,"NULL","NULL","","NULL","","NULL",NA,NA,0,0,"No","","398",NA,NA,NA,"DVRPC",1,"Pain",11285065,40.1914616,-74.7127142
3739880,"2011110311-52245","11-52245",2011,"MERCER","Hamilton Twp (Mercer Co)","2011-12-19","Monday","December","22:56:00",1,"HAMILTON TWP PD (MERCER)","",0,0,1,0,1,"Injury","Not At Intersection","No","No","Pedestrian",1,"2004 NOTTINGHAM WAY","West",NA,"","",NA,"Private Property","Straight and Level","Blacktop","Dry","Dark (Street Lights On/ continuous)","Clear","None","None",50,"Foot","NULL","KLOCKNER RD","NULL","","NULL",NA,35,0,0,"No","?","445",NA,NA,NA,"DVRPC",1,"Moderate Injury",11293074,40.2329319,-74.7099229
3739964,"2011110311-53653","11-53653",2011,"MERCER","Hamilton Twp (Mercer Co)","2011-12-29","Thursday","December","18:59:00",1,"HAMILTON TWP PD (MERCER)","",0,1,1,0,1,"Injury","Not At Intersection","No","No","Pedestrian",1,"ROUTE 533","South",533,"","00000533",0.69,"County","Straight and Level","Blacktop","Dry","Dark (Street Lights On/ continuous)","Clear","None","None",65,"Foot","South","KNAPP AVE","NULL","","NULL",35,25,0,0,"No","","361",436322.673779,496981.848907,NA,"DVRPC",1,"Incapacitating Injury",11293066,40.1977181,-74.6997415
3740052,"2011110311-7048","11-7048",2011,"MERCER","Hamilton Twp (Mercer Co)","2011-02-20","Sunday","February","14:35:00",1,"HAMILTON TWP PD (MERCER)","",0,0,1,0,1,"Injury","Not At Intersection","No","No","Pedestrian",1,"170 MARKETPLACE BLVD","NULL",NA,"","",NA,"Private Property","Straight and Level","Blacktop","Dry","Daylight","Clear","None","None",NA,"NULL","NULL","","NULL","","NULL",NA,NA,0,0,"No","","322",NA,NA,NA,"DVRPC",1,"Moderate Injury",11038391,40.1923311,-74.6406681
3740168,"2011110311-9036","11-9036",2011,"MERCER","Hamilton Twp (Mercer Co)","2011-03-06","Sunday","March","18:55:00",1,"HAMILTON TWP PD (MERCER)","",0,0,0,0,0,"Property Damage","Not At Intersection","No","No","Pedestrian",1,"1245 RT 33","NULL",NA,"","",NA,"Private Property","Straight and Level","Blacktop","Wet","Dark (Street Lights On/ continuous)","Rain","None","None",NA,"NULL","NULL","","NULL","","NULL",NA,NA,0,0,"No","NONE","304",NA,NA,NA,"DVRPC",1,"PDO",11054245,40.2261479,-74.6624042
3740908,"20111104201101669","201101669",2011,"MERCER","Hightstown Borough","2011-03-08","Tuesday","March","17:18:00",1,"HIGHTSTOWN PD","BOROUGH",0,0,0,0,0,"Property Damage","Not At Intersection","No","No","Pedestrian",1,"ACADEMY STREET","NULL",NA,"","11041031",0.391,"Municipal","Straight and Level","Blacktop","Wet","Daylight","Clear","None","None",50,"Foot","South","ROGERS AVE","NULL","","NULL",25,25,0,0,"No","BATTERY YAMAHA ATV","111",484596.410011,523431.741358,NA,"DVRPC",1,"PDO",11092193,40.2702815,-74.5270106
3740983,"20111104201109579","201109579",2011,"MERCER","Hightstown Borough","2011-12-07","Wednesday","December","02:15:00",1,"HIGHTSTOWN PD","PATROL DIVISION",0,0,1,0,1,"Injury","Not At Intersection","No","No","Pedestrian",1,"WESTERLEA AVENUE","South",NA,"","11041033",0.244,"Municipal","Straight and Level","Blacktop","Dry","Daylight","Overcast","None","None",83,"Foot","North","SPRINGCREST DRIVE","NULL","","NULL",25,25,0,0,"No","","111",483832.320647,520579.25962,NA,"DVRPC",1,"Pain",12048645,40.2624833,-74.5297937
3741329,"20111106HT2011-012181","HT2011-012181",2011,"MERCER","Hopewell Twp (Mercer Co)","2011-05-22","Sunday","May","09:50:00",1,"HOPEWELL TWP PD","51 SOUTH",0,0,1,0,1,"Injury","At Intersection","No","No","Pedestrian",1,"NJ 31","North",31,"","00000031",5.64,"State Highway","Straight and Level","Blacktop","Dry","Daylight","Overcast","None","None",NA,"At","NULL","DIVERTY RD","NULL","","NULL",45,25,0,0,"No","","023",412887.614197,534917.400562,NA,"DVRPC",1,"Moderate Injury",11102814,40.3019121,-74.7841295
3741711,"20111106HT2011-028887","HT2011-028887",2011,"MERCER","Hopewell Twp (Mercer Co)","2011-12-20","Tuesday","December","17:22:00",1,"HOPEWELL TWP PD","51 NORTH",0,1,1,0,1,"Injury","Not At Intersection","No","No","Pedestrian",1,"25 S RT 31","NULL",NA,"","",NA,"Private Property","Straight and Level","Blacktop","Wet","Dark (Street LIghts On/ spot)","Rain","None","None",NA,"NULL","NULL","","NULL","","NULL",15,NA,0,0,"No","","016",NA,NA,NA,"DVRPC",1,"Incapacitating Injury",11287671,40.3260156,-74.7978656
3741972,"2011110711-21328-AC","11-21328-AC",2011,"MERCER","Lawrence Twp (Mercer Co)","2011-05-20","Friday","May","12:12:00",1,"LAWRENCE TWP PD","",0,0,1,0,1,"Injury","Not At Intersection","No","No","Pedestrian",1,"960 SPRUCE ST","NULL",NA,"","",NA,"Private Property","Straight and Level","Blacktop","Wet","Daylight","Rain","None","None",NA,"NULL","NULL","","NULL","","NULL",NA,NA,0,0,"No","","209",NA,NA,NA,"DVRPC",1,"Moderate Injury",11106907,40.2437971,-74.7511839
3742116,"2011110711-2838-AC","11-2838-AC",2011,"MERCER","Lawrence Twp (Mercer Co)","2011-01-20","Thursday","January","08:11:00",1,"LAWRENCE TWP PD","",0,0,1,0,1,"Injury","Not At Intersection","No","No","Pedestrian",1,"4101 PRINCETON PIKE","NULL",NA,"","",NA,"Private Property","Straight and Level","Blacktop","Dry","Daylight","Clear","None","None",NA,"NULL","NULL","","NULL","","NULL",NA,NA,0,0,"No","","163",NA,NA,NA,"DVRPC",1,"Pain",11018489,40.3114014,-74.6933248
3742617,"2011110711-47623-AC","11-47623-AC",2011,"MERCER","Lawrence Twp (Mercer Co)","2011-11-19","Saturday","November","18:39:00",1,"LAWRENCE TWP PD","",0,1,1,0,1,"Injury","Not At Intersection","No","No","Pedestrian",1,"US 1 BUSINESS","South",1,"B","00000001B",0.76,"State Highway","Straight and Level","Blacktop","Dry","Dark (Street Lights On/ continuous)","Clear","Curbed Median","None",100,"Foot","North","PUTNAM AVE","NULL","","NULL",45,25,0,0,"No","","209",425510.176196,515392.841033,NA,"DVRPC",1,"Incapacitating Injury",11256779,40.2485434,-74.7381795