"ID","DOT_WEB_ID","CASE_NUMBER","CRASH_YEAR","COUNTY","MUNICIPALITY","CRASH_DATE","CRASH_DAY_OF_WEEK","CRASH_MONTH","CRASH_TIME","POLICE_DEPT_CODE","POLICE_DEPARTMENT","POLICE_STATION","TOTAL_KILLED","TOTAL_INCAPACITATED","TOTAL_INJURED","PEDESTRIANS_KILLED","PEDESTRIANS_INJURED","SEVERITY","INTERSECTION","ALCOHOL_INVOLVED","HAZMAT_INVOLVED","CRASH_TYPE","TOTAL_VEHICLES_INVOLVED","CRASH_LOCATION","LOCATION_DIRECTION","ROUTE","ROUTE_SUFFIX","SRI","MILEPOST","ROAD_SYSTEM","ROAD_CHARACTER","ROAD_SURFACE_TYPE","SURFACE_CONDITION","LIGHT_CONDITION","ENVIRONMENTAL_CONDITION","ROAD_DIVIDED_BY","TEMP_TRAFFIC_CONTROL_ZONE","DISTANCE_TO_CROSS_STREET","UNIT_OF_MEASUREMENT","DIRECTION_FROM_CROSS_STREET","CROSS_STREET_NAME","IS_RAMP","RAMP_TO_FROM_ROUTE_NAME","RAMP_TO_FROM_ROUTE_DIRECTION","POSTED_SPEED","POSTED_SPEED_CROSS_STREET","LATITUDE","LONGITUDE","CELL_PHONE_IN_USE","OTHER_PROPERTY_DAMAGE","REPORTING_BADGE_NO","X","Y","CRASH_NARRATIVE","MPO","TOTAL_PEDESTRIANS_INVOLVED","EPDO","DLN","LatitudeGeocoded","LongitudeGeocoded"
3742752,"2011110711-51599-AC","11-51599-AC",2011,"MERCER","Lawrence Twp (Mercer Co)","2011-12-22","Thursday","December","07:32:00",1,"LAWRENCE TWP PD","",0,0,1,0,1,"Injury","Not At Intersection","No","No","Pedestrian",1,"US 1 BUSINESS","North",1,"B","00000001B",0.48,"State Highway","Straight and Level","Blacktop","Dry","Daylight","Clear","Curbed Median","None",5,"Foot","South","PEAR ST","NULL","","NULL",45,25,0,0,"No","","194",424496.62,514172.7,NA,"DVRPC",1,"Moderate Injury",11292573,40.2458612,-74.7414344
3743137,"2011110811-4124","11-4124",2011,"MERCER","Pennington Borough","2011-09-26","Monday","September","11:00:00",1,"PENNINGTON BORO PD","",0,0,1,0,1,"Injury","Not At Intersection","No","No","Pedestrian",1,"MERCER COUNTY 640","North",640,"","11000640",1.22,"County","Straight and Level","Blacktop","Dry","NULL","Clear","None","Utility Zone",100,"Foot","South","ACADEMY AVE","NULL","","NULL",25,25,0,0,"No","","707",411078.344159,543578.305153,NA,"DVRPC",1,"Pain",11240707,40.3258729,-74.790726
3743198,"2011110911-22994","11-22994",2011,"MERCER","Princeton Borough","2011-11-11","Friday","November","17:31:00",1,"PRINCETON BORO PD","",0,0,1,0,1,"Injury","Not At Intersection","No","No","Pedestrian",1,"WITHERSPOON ST","NULL",NA,"","11091241",0.21,"Municipal","Straight and Level","Blacktop","Dry","Dark (Street LIghts On/ spot)","Clear","None","None",10,"Foot","South","GREEN ST.","NULL","","NULL",25,25,0,0,"No","","136",447255.78,553373.14,NA,"DVRPC",1,"Moderate Injury",11249404,40.3525507,-74.6610015
3743201,"2011110911-24660","11-24660",2011,"MERCER","Princeton Borough","2011-12-07","Wednesday","December","18:36:00",1,"PRINCETON BORO PD","",0,0,1,0,1,"Injury","Not At Intersection","No","No","Pedestrian",1,"WITHERSPOON ST","NULL",NA,"","11091241",0.08,"Municipal","Straight and Grade","Blacktop","Wet","Dark (Street LIghts On/ spot)","Rain","None","None",3,"Foot","South","SPRING STREET","NULL","","NULL",25,25,0,0,"No","","142",447468.594786,552724.693469,NA,"DVRPC",1,"Pain",11276628,40.3508725,-74.6602671
3743203,"2011110911-24997","11-24997",2011,"MERCER","Princeton Borough","2011-12-12","Monday","December","15:31:00",1,"PRINCETON BORO PD","",0,0,1,0,1,"Injury","Not At Intersection","No","No","Pedestrian",1,"MOORE ST","NULL",NA,"","11091242",0.37,"Municipal","Straight and Grade","Blacktop","Dry","Daylight","Clear","None","None",3,"Foot","South","HOUGHTON AVENUE","NULL","","NULL",25,25,0,0,"No","","142",448433.89,554735.63,NA,"DVRPC",1,"Moderate Injury",11276618,40.3562904,-74.6567884
3743247,"201111092011-003297","2011-003297",2011,"MERCER","Princeton Borough","2011-02-24","Thursday","February","19:11:00",1,"PRINCETON BORO PD","",0,0,2,0,1,"Injury","Not At Intersection","No","No","Pedestrian",1,"WITHERSPOON STREET","NULL",NA,"","",NA,"Municipal","Straight and Grade","Blacktop","Dry","Dark (Street LIghts On/ spot)","Clear","None","None",5,"Foot","North","TORREY LANE","NULL","","NULL",25,10,0,0,"No","","150",NA,NA,NA,"DVRPC",1,"Moderate Injury",11047815,40.3539693,-74.6615967
3743254,"201111092011-006444","2011-006444",2011,"MERCER","Princeton Borough","2011-04-06","Wednesday","April","14:20:00",1,"PRINCETON BORO PD","",0,0,1,0,1,"Injury","Not At Intersection","No","No","Pedestrian",1,"HODGE RD","NULL",NA,"","11091086",0,"Municipal","Straight and Level","Blacktop","Dry","Daylight","Clear","None","None",5,"Foot","East","ELM ROAD","NULL","","NULL",25,25,0,0,"No","","150",443275.42,551375.99,NA,"DVRPC",1,"Pain",11078931,40.3470477,-74.6752547
3743280,"201111092011-012227","2011-012227",2011,"MERCER","Princeton Borough","2011-06-21","Tuesday","June","15:13:00",1,"PRINCETON BORO PD","",0,0,1,0,1,"Injury","Not At Intersection","No","No","Pedestrian",1,"WIGGINS STREET","NULL",NA,"","11091086",0.959,"Municipal","Straight and Level","Blacktop","Dry","Daylight","Clear","None","None",5,"Foot","West","NORTH TULANE STREET","NULL","","NULL",25,25,0,0,"No","","124",447725.529881,553344.981715,NA,"DVRPC",1,"Moderate Injury",11133411,40.3524714,-74.659352
3743380,"201111092011-13952","2011-13952",2011,"MERCER","Princeton Borough","2011-07-16","Saturday","July","12:57:00",1,"PRINCETON BORO PD","",0,0,1,0,1,"Injury","Not At Intersection","No","No","Pedestrian",1,"NJ 27","NULL",27,"","00000027",0.56,"State Highway","Straight and Level","Blacktop","Dry","Daylight","Clear","None","None",5,"Foot","West","MOORE ST","NULL","","NULL",25,25,0,0,"No","","149",449100.51,552905.1,NA,"DVRPC",1,"Pain",11158043,40.3512718,-74.6543599
3743386,"201111092011-14361","2011-14361",2011,"MERCER","Princeton Borough","2011-07-22","Friday","July","17:11:00",1,"PRINCETON BORO PD","",0,0,1,0,1,"Injury","At Intersection","No","No","Pedestrian",1,"SPRING STREET","East",NA,"","11091029",0.07,"Municipal","Straight and Level","Blacktop","Dry","Daylight","Clear","None","None",NA,"At","West","S. TULANE STREET","NULL","","NULL",25,25,0,0,"No","","150",447812.519905,552891.299954,NA,"DVRPC",1,"Pain",11158036,40.3512072,-74.6590129
3743387,"201111092011-14391","2011-14391",2011,"MERCER","Princeton Borough","2011-07-22","Friday","July","23:30:00",1,"PRINCETON BORO PD","",0,0,1,0,1,"Injury","Not At Intersection","No","No","Pedestrian",1,"ALEXANDER RD","NULL",NA,"","11131424",3.199,"Municipal","Straight and Level","Blacktop","Dry","Dark (Street LIghts On/ spot)","Clear","None","None",5,"Foot","South","MERCER ST.","NULL","","NULL",25,25,0,0,"No","","153",446235.240043,551201.983618,NA,"DVRPC",1,"Pain",11158052,40.3465823,-74.6646543
3743393,"201111092011-14658","2011-14658",2011,"MERCER","Princeton Borough","2011-07-27","Wednesday","July","09:02:00",1,"PRINCETON BORO PD","",0,0,1,0,1,"Injury","Not At Intersection","No","No","Struck Parked Vehicle",2,"JEFFERSON RD","NULL",NA,"","11091242",0.431,"Municipal","Straight and Level","Blacktop","Dry","Daylight","Clear","None","None",50,"Foot","South","FRANKLIN AVE.","NULL","","NULL",25,25,0,0,"No","","151",448334.284947,555045.319895,NA,"DVRPC",1,"Moderate Injury",11167359,40.3569621,-74.6584606
3743438,"201111092011-17803","2011-17803",2011,"MERCER","Princeton Borough","2011-09-07","Wednesday","September","21:02:00",1,"PRINCETON BORO PD","",0,0,1,0,1,"Injury","Not At Intersection","No","No","Pedestrian",1,"NJ 27","NULL",27,"","00000027",0.4,"State Highway","Straight and Level","Blacktop","Wet","Dark (Street LIghts On/ spot)","Rain","None","None",5,"Foot","East","ROUTE 571 / VANDEVENTER AVE / WASHI","NULL","","NULL",25,25,0,0,"No","","150",448324,552578.32,NA,"DVRPC",1,"Moderate Injury",11193965,40.3503814,-74.6570811
3743461,"201111092011-1973","2011-1973",2011,"MERCER","Princeton Borough","2011-02-07","Monday","February","21:06:00",1,"PRINCETON BORO PD","",0,0,1,0,1,"Injury","Not At Intersection","No","No","Pedestrian",1,"WITHERSPOON ST","NULL",NA,"","11091241",0.21,"Municipal","Straight and Grade","Blacktop","Wet","Dark (Street LIghts On/ spot)","Rain","None","None",10,"Foot","South","GREEN STREET","NULL","","NULL",25,25,0,0,"No","","149",447255.78,553373.14,NA,"DVRPC",2,"Pain",11027448,40.3525507,-74.6610015
3743535,"201111092011-25255","2011-25255",2011,"MERCER","Princeton Borough","2011-12-15","Thursday","December","21:40:00",1,"PRINCETON BORO PD","",0,0,1,0,1,"Injury","At Intersection","No","No","Pedestrian",1,"ROUTE 571","NULL",571,"","00000571",43.85,"County","Straight and Grade","Blacktop","Dry","Dark (Street LIghts On/ spot)","Clear","None","None",NA,"At","NULL","PROSPECT AVE","NULL","","NULL",25,25,0,0,"No","","149",448912.98,551643.94,NA,"DVRPC",1,"Pain",11276607,40.3478103,-74.6550308
3743559,"201111092011-4123","2011-4123",2011,"MERCER","Princeton Borough","2011-03-06","Sunday","March","15:01:00",1,"PRINCETON BORO PD","",0,0,1,0,1,"Injury","Not At Intersection","No","No","Pedestrian",1,"NJ 27","NULL",27,"","00000027",0.33,"State Highway","Straight and Level","Blacktop","Wet","Daylight","Rain","None","None",5,"Foot","West","S TULANE ST","NULL","","NULL",25,25,0,0,"No","","142",447977.62163,552455.908732,NA,"DVRPC",1,"Pain",11047806,40.3500069,-74.6584737
3743649,"2011111011-04679","11-04679",2011,"MERCER","Princeton Township","2011-03-30","Wednesday","March","15:15:00",1,"PRINCETON TWP PD","",0,0,0,0,0,"Property Damage","At Intersection","No","No","Pedestrian",1,"WALNUT LANE","NULL",NA,"","11091145",0.5,"Municipal","Straight and Level","Blacktop","Dry","Daylight","Clear","None","None",NA,"At","NULL","FRANKLIN AVE.","NULL","","NULL",25,25,0,0,"No","","95",448938.952832,555669.104297,NA,"DVRPC",1,"PDO",11064723,40.3589183,-74.6550131
3743712,"2011111011-12396","11-12396",2011,"MERCER","Princeton Township","2011-08-22","Monday","August","19:02:00",1,"PRINCETON TWP PD","",0,0,1,0,1,"Injury","Not At Intersection","No","No","Pedestrian",1,"EINSTEIN DRIVE","NULL",NA,"","",NA,"Private Property","Straight and Level","Blacktop","Dry","Daylight","Clear","None","None",1056,"Foot","West","OLDEN LANE","NULL","","NULL",15,15,0,0,"No","NONE.","99",NA,NA,NA,"DVRPC",2,"Pain",11180634,40.3330459,-74.6658337
3743791,"2011111011-16631","11-16631",2011,"MERCER","Princeton Township","2011-11-02","Wednesday","November","14:02:00",1,"PRINCETON TWP PD","",0,0,1,0,1,"Injury","At Intersection","No","No","Pedestrian",1,"NORTH HARRISON STREET","NULL",NA,"","11091239",1.1,"Municipal","Straight and Level","Blacktop","Dry","Daylight","Clear","None","None",NA,"At","NULL","VALLEY ROAD","NULL","","NULL",30,25,0,0,"No","","100",449443.560711,557684.177219,NA,"DVRPC",1,"Pain",11234718,40.3641533,-74.6531998
3743812,"2011111011-17373","11-17373",2011,"MERCER","Princeton Township","2011-11-16","Wednesday","November","18:49:00",1,"PRINCETON TWP PD","",0,0,0,0,0,"Property Damage","Not At Intersection","No","No","Pedestrian",1,"881 STATE ROAD (CVS)","NULL",NA,"","",NA,"Private Property","Straight and Level","Blacktop","Wet","Dark (Street Lights On/ continuous)","Rain","None","None",NA,"NULL","NULL","","NULL","","NULL",NA,NA,0,0,"No","NONE","75",NA,NA,NA,"DVRPC",1,"PDO",11251569,40.390419,-74.653754
3744037,"2011111011-9892","11-9892",2011,"MERCER","Princeton Township","2011-07-07","Thursday","July","12:38:00",1,"PRINCETON TWP PD","",0,0,1,0,1,"Injury","Not At Intersection","No","No","Pedestrian",1,"301 NORTH HARRISON ST","NULL",NA,"","",NA,"Private Property","Straight and Level","Blacktop","Dry","Daylight","Clear","None","None",NA,"NULL","NULL","PARKING LOT OF PRINCETON SHOPPING ?","NULL","","NULL",NA,NA,0,0,"No","NONE","95",NA,NA,NA,"DVRPC",2,"Pain",11141960,40.3636613,-74.6511145
3744077,"201111102011-13799","2011-13799",2011,"MERCER","Princeton Township","2011-09-13","Tuesday","September","15:15:00",1,"PRINCETON TWP PD","",0,0,1,0,0,"Injury","Not At Intersection","No","No","Fixed Object",1,"301 NORTH HARRISON STREET","NULL",NA,"","",NA,"Private Property","Straight and Level","Blacktop","Dry","Daylight","Clear","None","None",NA,"NULL","NULL","PRIVATE PROPERTY (PRINCETON SHOPING","NULL","(MCCAFFREY'S SUPERM?","NULL",15,NA,0,0,"No","STRUCTURAL DAMAGE TO BUILDING MCCAFFREY'S SUPER MARKET 301 NORTH HARRISON STREET","80",NA,NA,NA,"DVRPC",2,"Moderate Injury",11207969,40.3636613,-74.6511145
3744158,"2011111111000007","11000007",2011,"MERCER","Trenton City","2011-01-01","Saturday","January","02:00:00",1,"TRENTON PD","PATROL",0,0,0,0,0,"Property Damage","Not At Intersection","No","No","Struck Parked Vehicle",2,"50 RIVERVIEW PLAZA","NULL",NA,"","",NA,"Private Property","Straight and Level","Blacktop","Snowy","Dark (Street Lights On/ continuous)","Snow","None","None",NA,"NULL","NULL","RT 29","NULL","","NULL",NA,NA,0,0,"No","","595",NA,NA,NA,"DVRPC",1,"PDO",11004498,40.20675,-74.764849
3744254,"2011111111000467","11000467",2011,"MERCER","Trenton City","2011-01-10","Monday","January","18:18:00",1,"TRENTON PD","PATROL",0,0,1,0,1,"Injury","At Intersection","No","No","Pedestrian",1,"NJ 129","North",129,"","00000129",1.61,"State Highway","Straight and Level","Blacktop","Dry","Dark (Street Lights On/ continuous)","Clear","Curbed Median","None",NA,"At","NULL","CASS ST","NULL","","NULL",40,25,0,0,"No","","596",420997.20784,500170.371322,NA,"DVRPC",1,"Pain",11004589,40.2059759,-74.7546094
3744257,"2011111111000477","11000477",2011,"MERCER","Trenton City","2011-01-10","Monday","January","22:26:00",1,"TRENTON PD","EAST",0,0,0,0,0,"Property Damage","At Intersection","No","No","Pedestrian",1,"CENTENNIAL AVE","NULL",NA,"","11111103",0.03,"Municipal","Straight and Level","Blacktop","Snowy","Dark (Street Lights On/ continuous)","Clear","None","None",NA,"At","NULL","WINSLOW ALY","NULL","","NULL",25,25,0,0,"No","","596",425861.470992,503652.897809,NA,"DVRPC",1,"PDO",11004593,40.215889,-74.737348
3744269,"2011111111000568","11000568",2011,"MERCER","Trenton City","2011-01-13","Thursday","January","11:18:00",1,"TRENTON PD","PATROL-SOUTH",0,0,1,0,1,"Injury","Not At Intersection","No","No","Pedestrian",1,"S CLINTON AVE","South",NA,"","11031969",3.7,"Municipal","Straight and Level","Blacktop","Dry","Daylight","Clear","None","None",NA,"NULL","NULL","E STATE ST","NULL","","NULL",NA,NA,0,0,"No","","445",420795.18,505554.77,NA,"DVRPC",1,"Pain",11004606,40.221098,-74.755444
3744285,"2011111111000633","11000633",2011,"MERCER","Trenton City","2011-01-14","Friday","January","12:31:00",1,"TRENTON PD","EAST",0,0,1,0,1,"Injury","At Intersection","No","No","Pedestrian",1,"GLADSTONE AVE","East",NA,"","11111089",0.23,"Municipal","Straight and Level","Blacktop","Slush","Daylight","Snow","None","None",NA,"At","NULL","S OLDEN AVE","NULL","","NULL",25,25,0,0,"No","","609",426273.680108,506150.85997,NA,"DVRPC",1,"Pain",11023216,40.2227785,-74.7358389
3744507,"2011111111001668","11001668",2011,"MERCER","Trenton City","2011-02-06","Sunday","February","21:30:00",1,"TRENTON PD","WEST",0,0,1,0,1,"Injury","Not At Intersection","No","No","Pedestrian",1,"RUTHERFORD AVE","South",NA,"","11111255",0.46,"Municipal","Straight and Level","Blacktop","Snowy","Dark (Street Lights On/ continuous)","Clear","None","None",210,"Foot","South","MARION ST","NULL","","NULL",25,25,0,0,"No","","581",415796.060108,508417.652604,NA,"DVRPC",1,"Pain",11041769,40.2285619,-74.7727706
3744566,"2011111111002024","11002024",2011,"MERCER","Trenton City","2011-02-14","Monday","February","14:35:00",1,"TRENTON PD","EAST",0,0,1,0,1,"Injury","Not At Intersection","No","No","Pedestrian",1,"MERCER COUNTY 622","South",622,"","11000622",NA,"County","Straight and Level","Blacktop","Dry","Daylight","Clear","None","None",15,"Foot","South","CR 606","NULL","","NULL",25,25,0,0,"No","","517",NA,NA,NA,"DVRPC",1,"Pain",11036224,40.21971,-74.732807
3744636,"2011111111002414","11002414",2011,"MERCER","Trenton City","2011-02-23","Wednesday","February","08:23:00",1,"TRENTON PD","EAST DISTRICT",0,0,1,0,1,"Injury","At Intersection","No","No","Pedestrian",1,"NJ 33","East",33,"","00000033",NA,"State Highway","Straight and Level","Blacktop","Dry","Daylight","Clear","Painted Median","None",NA,"At","NULL","CHESTNUT AVE","NULL","","NULL",25,25,0,0,"No","","531",NA,NA,NA,"DVRPC",1,"Moderate Injury",11037983,40.2182635,-74.749463
3744676,"2011111111002611","11002611",2011,"MERCER","Trenton City","2011-02-27","Sunday","February","14:47:00",1,"TRENTON PD","PATROL/EAST",0,0,1,0,1,"Injury","Not At Intersection","No","No","Pedestrian",1,"MERCER COUNTY 626","NULL",626,"","11000626",NA,"County","Straight and Level","Blacktop","Dry","Daylight","Clear","None","None",100,"Foot","NULL","ST FRANCIS AVE","NULL","","NULL",25,25,0,0,"No","","498",NA,NA,NA,"DVRPC",1,"Moderate Injury",11037942,40.2152056,-74.7415737
3744719,"2011111111002899","11002899",2011,"MERCER","Trenton City","2011-03-05","Saturday","March","15:55:00",1,"TRENTON PD","PATROL",0,0,0,0,0,"Property Damage","At Intersection","No","No","Pedestrian",1,"US 206","South",206,"","00000206",44.42,"Municipal","Straight and Level","Blacktop","Dry","Daylight","Clear","None","None",NA,"At","NULL","CR 622 / NORTH OLDEN AVE","NULL","","NULL",25,25,0,0,"No","","555",422223.668209,511980.706465,NA,"DVRPC",1,"PDO",11045510,40.2402932,-74.752297
3744813,"2011111111003498","11003498",2011,"MERCER","Trenton City","2011-03-18","Friday","March","20:08:00",1,"TRENTON PD","WEST",0,0,1,0,0,"Injury","Not At Intersection","No","No","Pedestrian",1,"W HANOVER ST","West",NA,"","11111553",0.06,"Municipal","Straight and Level","Blacktop","Dry","Dark (Street Lights On/ continuous)","Clear","None","None",80,"Foot","East","PASSAIC ST","NULL","","NULL",25,25,0,0,"No","","295",414582.947823,507262.138267,NA,"DVRPC",1,"Pain",11061596,40.225554,-74.77758
3744875,"2011111111003882","11003882",2011,"MERCER","Trenton City","2011-03-27","Sunday","March","02:15:00",1,"TRENTON PD","EAST",0,0,0,0,0,"Property Damage","At Intersection","No","No","Pedestrian",1,"PARK AVE","North",NA,"","11111098",0.04,"Municipal","Straight and Level","Blacktop","Dry","Dark (Street Lights On/ continuous)","Clear","None","NULL",NA,"At","NULL","NEW JERSEY AVE","NULL","","NULL",25,25,0,0,"No","","529",426452.010132,504594.72988,NA,"DVRPC",1,"PDO",11063746,40.2184968,-74.7351495
3744884,"2011111111003935","11003935",2011,"MERCER","Trenton City","2011-03-28","Monday","March","15:33:00",1,"TRENTON PD","EAST",0,0,1,0,1,"Injury","At Intersection","No","No","Pedestrian",1,"CHESTNUT AVE","NULL",NA,"","11111537",0.89,"Municipal","Straight and Level","Blacktop","Dry","Daylight","Clear","None","None",NA,"At","NULL","MORRIS AVE","NULL","","NULL",25,25,0,0,"No","","517",423461.72,501319.1,NA,"DVRPC",1,"Pain",11063755,40.209497,-74.74585
3744895,"2011111111004014","11004014",2011,"MERCER","Trenton City","2011-03-30","Wednesday","March","14:02:00",1,"TRENTON PD","PATROL/SOUTH",0,0,1,0,1,"Injury","At Intersection","No","No","Pedestrian",1,"S WARREN ST","South",NA,"","11111550",0.09,"Municipal","Straight and Grade","Blacktop","Dry","Daylight","Clear","None","None",NA,"At","NULL","W LAFAYETTE ST","NULL","","NULL",25,25,0,0,"No","","446",417890.189986,504586.720054,NA,"DVRPC",1,"Pain",11063721,40.2184122,-74.76599
3744914,"2011111111004145","11004145",2011,"MERCER","Trenton City","2011-04-02","Saturday","April","00:30:00",1,"TRENTON PD","PATROL",0,0,1,0,1,"Injury","At Intersection","No","No","Pedestrian",1,"NJ 33","NULL",33,"","00000033",NA,"State Highway","Straight and Level","Blacktop","Dry","Dark (Street Lights On/ continuous)","Clear","Painted Median","None",NA,"At","NULL","MONMOUTH ST","NULL","","NULL",25,25,0,0,"No","","618",NA,NA,NA,"DVRPC",1,"Moderate Injury",11068655,40.218958,-74.747608
3744927,"2011111111004220","11004220",2011,"MERCER","Trenton City","2011-04-03","Sunday","April","16:07:00",1,"TRENTON PD","PATROL WEST",0,0,1,0,1,"Injury","Not At Intersection","No","No","Pedestrian",1,"N STOCKTON ST","North",NA,"","11111549",0.03,"Municipal","Straight and Level","Blacktop","Dry","Daylight","Clear","None","None",5,"Foot","South","OLIVE ST","NULL","","NULL",25,25,0,0,"No","","052",419334.97,506346.6,NA,"DVRPC",1,"Moderate Injury",11068641,40.223291,-74.7606828
3744971,"2011111111004595","11004595",2011,"MERCER","Trenton City","2011-04-10","Sunday","April","22:07:00",1,"TRENTON PD","PATROL/NORTH",0,0,1,0,1,"Injury","At Intersection","No","No","Pedestrian",1,"BRUNSWICK AVE","West",NA,"","00000206",44.08,"Municipal","Straight and Level","Blacktop","Dry","Dark (Street LIghts On/ spot)","Clear","None","None",NA,"At","NULL","PHILLIPS AVE","NULL","","NULL",25,25,0,0,"No","","618",421334.892831,510444.982209,NA,"DVRPC",2,"Moderate Injury",11072422,40.234806,-74.753412
3745010,"2011111111005113","11005113",2011,"MERCER","Trenton City","2011-04-23","Saturday","April","00:16:00",1,"TRENTON PD","EAST/PATROL",0,0,1,0,1,"Injury","Not At Intersection","No","No","Pedestrian",1,"MERCER COUNTY 626","South",626,"","11000626",NA,"County","Straight and Level","Blacktop","Dry","Dark (No Street Lights)","Clear","Painted Median","None",30,"Foot","North","E HOWELL ST","NULL","","NULL",25,NA,0,0,"No","","595",NA,NA,NA,"DVRPC",1,"Pain",11091682,40.2059648,-74.7345524
3745028,"2011111111005167","11005167",2011,"MERCER","Trenton City","2011-04-24","Sunday","April","18:31:00",1,"TRENTON PD","",0,0,1,0,1,"Injury","Not At Intersection","No","No","Pedestrian",1,"DIVISION ST","NULL",NA,"","",NA,"Municipal","Straight and Level","Concrete","Dry","Daylight","Clear","None","None",NA,"NULL","NULL","MIAMI ALY","NULL","","NULL",NA,NA,0,0,"No","","618",NA,NA,NA,"DVRPC",1,"Pain",11091664,40.215556,-74.74637
3745039,"2011111111005217","11005217",2011,"MERCER","Trenton City","2011-04-25","Monday","April","20:05:00",1,"TRENTON PD","PATROL/NORTH",0,0,0,0,0,"Property Damage","At Intersection","No","No","Pedestrian",1,"MARTIN LUTHER KING JR","NULL",NA,"","00000206Z",43.66,"Municipal","Straight and Level","Blacktop","Dry","Dusk","Clear","None","None",NA,"At","NULL","BOND ST","NULL","","NULL",25,25,0,0,"No","","609",418796.424844,508856.48335,NA,"DVRPC",1,"PDO",11091652,40.2301248,-74.7626655
3745045,"2011111111005257","11005257",2011,"MERCER","Trenton City","2011-04-26","Tuesday","April","17:50:00",1,"TRENTON PD","NORTH",0,0,1,0,0,"Injury","Not At Intersection","No","No","Pedestrian",1,"ACADEMY ST","NULL",NA,"","11111403",0.171,"Municipal","Straight and Level","Blacktop","Dry","Daylight","Clear","None","None",100,"Foot","East","N MONTGOMERY ST","NULL","","NULL",25,25,0,0,"No","","570",418979.795862,506024.800003,NA,"DVRPC",1,"Pain",11091648,40.222285,-74.762324
3745090,"2011111111005503","11005503",2011,"MERCER","Trenton City","2011-05-02","Monday","May","11:14:00",1,"TRENTON PD","EAST PRECINT",0,0,1,0,1,"Injury","Not At Intersection","No","No","Pedestrian",1,"317 UNION ST","East",NA,"","",NA,"Private Property","Straight and Level","Blacktop","Dry","Daylight","Clear","None","None",NA,"NULL","NULL","","NULL","","NULL",NA,NA,0,0,"No","","585",NA,NA,NA,"DVRPC",2,"Pain",11091598,40.2097175,-74.7632178
3745126,"2011111111005696","11005696",2011,"MERCER","Trenton City","2011-05-06","Friday","May","08:25:00",1,"TRENTON PD","PATROL",0,0,0,0,0,"Property Damage","At Intersection","No","No","Pedestrian",1,"THIRD ST","East",NA,"","11111324",0.09,"Municipal","Straight and Level","Blacktop","Dry","Daylight","Clear","None","None",NA,"At","NULL","SCHENCK STREET","NULL","","NULL",25,25,0,0,"No","","051",420840.79421,499515.83833,NA,"DVRPC",1,"PDO",11196541,40.204474,-74.755214
3745241,"2011111111006410","11006410",2011,"MERCER","Trenton City","2011-05-20","Friday","May","21:54:00",1,"TRENTON PD","EAST",0,0,1,0,1,"Injury","At Intersection","No","No","Pedestrian",1,"CHESTNUT AVE","South",NA,"","11111537",0.61,"Municipal","Straight and Level","Blacktop","Dry","Dark (Street Lights On/ continuous)","Clear","None","None",NA,"At","NULL","ELMER ST","NULL","","NULL",25,25,0,0,"No","","596",423057.22,502731.82,NA,"DVRPC",1,"Pain",11112100,40.213369,-74.747318
3745268,"2011111111006583","11006583",2011,"MERCER","Trenton City","2011-05-24","Tuesday","May","18:38:00",1,"TRENTON PD","TRAFFIC",0,0,1,0,1,"Injury","At Intersection","No","No","Pedalcyclist",1,"JERSEY ST","East",NA,"","11111431",0.21,"Municipal","Straight and Level","Concrete","Dry","Daylight","Clear","None","None",NA,"At","NULL","SMITH AVE","NULL","","NULL",25,25,0,0,"No","","617",422064.683839,498496.680579,NA,"DVRPC",1,"Pain",11196673,40.201696,-74.750819
3745279,"2011111111006638","11006638",2011,"MERCER","Trenton City","2011-05-25","Wednesday","May","20:56:00",1,"TRENTON PD","TRAFFIC",0,0,1,0,1,"Injury","At Intersection","No","No","Pedestrian",1,"WHITTAKER AVE","East",NA,"","11111453",0.13,"Municipal","Straight and Level","Blacktop","Dry","Dark (Street LIghts On/ spot)","Clear","None","None",NA,"At","NULL","MORRIS AVE","NULL","","NULL",25,25,0,0,"No","","617",423005.105191,501228.933013,NA,"DVRPC",1,"Pain",11112061,40.209128,-74.747443
3745282,"2011111111006652","11006652",2011,"MERCER","Trenton City","2011-05-26","Thursday","May","09:14:00",1,"TRENTON PD","TRAFFIC",0,0,1,0,1,"Injury","Not At Intersection","No","No","Pedestrian",1,"PROSPECT ST","West",NA,"","11111562",0.34,"Municipal","Straight and Grade","Blacktop","Dry","Daylight","Clear","None","None",35,"Foot","West","RUTHERFORD AVE","NULL","","NULL",25,25,0,0,"No","","414",415404.95876,508756.562516,NA,"DVRPC",1,"Moderate Injury",11112058,40.2297804,-74.7748185