"ID","DOT_WEB_ID","CASE_NUMBER","CRASH_YEAR","COUNTY","MUNICIPALITY","CRASH_DATE","CRASH_DAY_OF_WEEK","CRASH_MONTH","CRASH_TIME","POLICE_DEPT_CODE","POLICE_DEPARTMENT","POLICE_STATION","TOTAL_KILLED","TOTAL_INCAPACITATED","TOTAL_INJURED","PEDESTRIANS_KILLED","PEDESTRIANS_INJURED","SEVERITY","INTERSECTION","ALCOHOL_INVOLVED","HAZMAT_INVOLVED","CRASH_TYPE","TOTAL_VEHICLES_INVOLVED","CRASH_LOCATION","LOCATION_DIRECTION","ROUTE","ROUTE_SUFFIX","SRI","MILEPOST","ROAD_SYSTEM","ROAD_CHARACTER","ROAD_SURFACE_TYPE","SURFACE_CONDITION","LIGHT_CONDITION","ENVIRONMENTAL_CONDITION","ROAD_DIVIDED_BY","TEMP_TRAFFIC_CONTROL_ZONE","DISTANCE_TO_CROSS_STREET","UNIT_OF_MEASUREMENT","DIRECTION_FROM_CROSS_STREET","CROSS_STREET_NAME","IS_RAMP","RAMP_TO_FROM_ROUTE_NAME","RAMP_TO_FROM_ROUTE_DIRECTION","POSTED_SPEED","POSTED_SPEED_CROSS_STREET","LATITUDE","LONGITUDE","CELL_PHONE_IN_USE","OTHER_PROPERTY_DAMAGE","REPORTING_BADGE_NO","X","Y","CRASH_NARRATIVE","MPO","TOTAL_PEDESTRIANS_INVOLVED","EPDO","DLN","LatitudeGeocoded","LongitudeGeocoded"
3745298,"2011111111006741","11006741",2011,"MERCER","Trenton City","2011-05-27","Friday","May","15:42:00",1,"TRENTON PD","PATROL/SOUTH",0,0,1,0,1,"Injury","At Intersection","No","No","Pedestrian",1,"US 206","South",206,"","00000206",NA,"State Highway","Straight and Level","Blacktop","Dry","Daylight","Clear","None","None",NA,"At","NULL","CR 606 / HAMILTON AVE","NULL","","NULL",25,25,0,0,"No","","499",NA,NA,NA,"DVRPC",1,"Pain",11108820,40.212863,-74.759049
3745318,"2011111111006829","11006829",2011,"MERCER","Trenton City","2011-05-29","Sunday","May","18:34:00",1,"TRENTON PD","TRAFFIC",0,0,1,0,1,"Injury","Not At Intersection","No","No","Pedestrian",1,"RESERVOIR ST","West",NA,"","11111360",0.28,"Municipal","Straight and Level","Blacktop","Dry","Daylight","Clear","None","None",NA,"NULL","NULL","WILSON ST","NULL","","NULL",25,25,0,0,"No","","581",416763.740139,508828.800152,NA,"DVRPC",1,"Pain",11108799,40.230056,-74.769918
3745322,"2011111111006844","11006844",2011,"MERCER","Trenton City","2011-05-29","Sunday","May","21:03:00",1,"TRENTON PD","TRAFFIC",0,1,1,0,1,"Injury","At Intersection","No","No","Pedestrian",1,"NJ 129","South",129,"","00000129",1.61,"State Highway","Straight and Level","Blacktop","Dry","Dark (Street Lights On/ continuous)","Clear","Curbed Median","None",NA,"At","NULL","CASS ST","NULL","","NULL",40,25,0,0,"No","","581",420997.20784,500170.371322,NA,"DVRPC",1,"Incapacitating Injury",11196619,40.2059759,-74.7546094
3745361,"2011111111007046","11007046",2011,"MERCER","Trenton City","2011-06-02","Thursday","June","19:14:00",1,"TRENTON PD","TRAFFIC",0,0,1,0,1,"Injury","At Intersection","No","No","Pedestrian",1,"NJ 33","West",33,"","00000033",NA,"State Highway","Straight and Level","Blacktop","Dry","Daylight","Clear","Painted Median","None",NA,"At","NULL","CR 626","NULL","","NULL",25,25,0,0,"No","","617",NA,NA,NA,"DVRPC",1,"Pain",11196792,40.2199196,-74.7450688
3745370,"2011111111007107","11007107",2011,"MERCER","Trenton City","2011-06-03","Friday","June","22:22:00",1,"TRENTON PD","TRAFFIC",0,0,0,0,0,"Property Damage","At Intersection","No","No","Pedalcyclist",1,"CASS ST","NULL",NA,"","11111527",0.26,"Municipal","Straight and Level","Blacktop","Dry","Dark (Street LIghts On/ spot)","Clear","None","None",NA,"At","NULL","THIRD ST","NULL","","NULL",25,25,0,0,"No","","617",420626.231303,499965.965751,NA,"DVRPC",1,"PDO",11196787,40.2058238,-74.7555713
3745395,"2011111111007227","11007227",2011,"MERCER","Trenton City","2011-06-06","Monday","June","17:30:00",1,"TRENTON PD","PATROL-NORTH",0,0,1,0,1,"Injury","At Intersection","No","No","Pedestrian",1,"POPLAR ST","NULL",NA,"","11111055",0.13,"Municipal","Straight and Level","Blacktop","Dry","Daylight","Clear","None","None",NA,"At","NULL","N CLINTON AVE","NULL","","NULL",25,25,0,0,"No","","625",422759.19009,508840.849997,NA,"DVRPC",1,"Pain",11196761,40.230133,-74.748441
3745403,"2011111111007274","11007274",2011,"MERCER","Trenton City","2011-06-07","Tuesday","June","15:52:00",1,"TRENTON PD","PATROL",0,0,1,0,1,"Injury","Not At Intersection","No","No","Pedestrian",1,"MERCER COUNTY 653","North",653,"","11000653",0.36,"County","Straight and Level","Blacktop","Dry","Daylight","Clear","None","None",NA,"NULL","NULL","BERNARD ST","NULL","","NULL",25,25,0,0,"No","","542",416503.867143,507594.247158,NA,"DVRPC",1,"Pain",11196755,40.2267098,-74.7707897
3745437,"2011111111007438","11007438",2011,"MERCER","Trenton City","2011-06-10","Friday","June","19:08:00",1,"TRENTON PD","EAST",0,0,0,0,0,"Property Damage","Not At Intersection","No","No","Pedalcyclist",1,"MERCER COUNTY 606","West",606,"","11000606",0.9,"County","Straight and Level","Blacktop","Dry","Daylight","Clear","Painted Median","None",NA,"NULL","NULL","CR 626","NULL","","NULL",25,25,0,0,"No","","596",424309.501697,504075.033595,NA,"DVRPC",1,"PDO",11196720,40.2170331,-74.7429262
3745452,"2011111111007528","11007528",2011,"MERCER","Trenton City","2011-06-12","Sunday","June","18:31:00",1,"TRENTON PD","TRAFFIC",0,0,1,0,1,"Injury","Not At Intersection","No","No","Pedestrian",1,"SOUTHARD ST","NULL",NA,"","11111558",0.61,"Municipal","NULL","NULL","NULL","NULL","NULL","NULL","NULL",NA,"NULL","NULL","MARTIN LUTHER KING JR BLVD","NULL","","NULL",NA,NA,0,0,"No","","617",419155.381913,509740.949962,NA,"DVRPC",1,"Pain",11196431,40.232128,-74.760626
3745496,"2011111111007758","11007758",2011,"MERCER","Trenton City","2011-06-17","Friday","June","19:39:00",1,"TRENTON PD","TRAFFIC",0,0,1,0,1,"Injury","At Intersection","No","No","Pedalcyclist",1,"E STATE ST","East",NA,"","11000635",0.82,"Municipal","Straight and Level","Blacktop","Dry","Daylight","Clear","None","None",NA,"At","NULL","CUYLER AVE","NULL","","NULL",25,25,0,0,"No","","617",424667.76316,507208.222227,NA,"DVRPC",1,"Pain",11199956,40.225689,-74.74155
3745497,"2011111111007768","11007768",2011,"MERCER","Trenton City","2011-06-17","Friday","June","21:45:00",1,"TRENTON PD","TRAFFIC",0,0,1,0,1,"Injury","At Intersection","No","No","Pedestrian",1,"STUYVESANT AVE","NULL",NA,"","11111568",0.73,"Municipal","Straight and Level","Blacktop","Dry","Dark (No Street Lights)","Clear","None","None",NA,"At","NULL","PARKSIDE AVE","NULL","","NULL",NA,NA,0,0,"No","","617",412500.77992,511425.97461,NA,"DVRPC",1,"Pain",11199955,40.237122,-74.785167
3745510,"2011111111007851","11007851",2011,"MERCER","Trenton City","2011-06-19","Sunday","June","18:11:00",1,"TRENTON PD","TRAFFIC",0,0,1,0,1,"Injury","At Intersection","No","No","Pedalcyclist",1,"EMORY AVE","NULL",NA,"","11111466",0.51,"Municipal","Straight and Level","Blacktop","Dry","Daylight","Clear","None","None",NA,"At","NULL","WASHINGTON ST","NULL","","NULL",25,25,0,0,"No","","617",424879.006434,502043.598299,NA,"DVRPC",1,"Pain",11199942,40.211457,-74.740855
3745531,"2011111111007950","11007950",2011,"MERCER","Trenton City","2011-06-21","Tuesday","June","14:39:00",1,"TRENTON PD","EAST",0,0,1,0,1,"Injury","At Intersection","No","No","Pedestrian",1,"LIBERTY ST","NULL",NA,"","11112004",0.87,"Municipal","Straight and Level","Blacktop","Dry","Daylight","Clear","Painted Median","None",NA,"At","NULL","CR 626","NULL","","NULL",NA,25,0,0,"No","","597",425790.920017,501365.63002,NA,"DVRPC",1,"Pain",11199921,40.2097157,-74.737428
3745652,"2011111111008669","11008669",2011,"MERCER","Trenton City","2011-07-04","Monday","July","22:01:00",1,"TRENTON PD","PATROL",0,0,0,0,0,"Property Damage","Not At Intersection","No","No","Same Direction - Side Swipe",2,"HEWITT ST","South",NA,"","11111168",0.18,"Municipal","Straight and Level","Blacktop","Dry","Dark (Street Lights On/ continuous)","Clear","None","None",NA,"NULL","NULL","DIVISION ST","NULL","","NULL",25,25,0,0,"No","","618",424082.533281,500821.279968,NA,"DVRPC",1,"PDO",11196908,40.208135,-74.743731
3745724,"2011111111008992","11008992",2011,"MERCER","Trenton City","2011-07-12","Tuesday","July","00:05:00",1,"TRENTON PD","TRENTON",0,0,0,0,0,"Property Damage","At Intersection","No","No","Pedalcyclist",1,"N WILLOW ST","NULL",NA,"","11111555",0.18,"Municipal","Straight and Level","Blacktop","Dry","Dark (Street LIghts On/ spot)","Clear","None","None",NA,"At","NULL","BELLEVUE AVE","NULL","","NULL",25,25,0,0,"No","","618",417414.987978,507091.233805,NA,"DVRPC",1,"PDO",11196838,40.2252532,-74.7675904
3745764,"2011111111009213","11009213",2011,"MERCER","Trenton City","2011-07-16","Saturday","July","16:03:00",1,"TRENTON PD","TRAFFIC",0,0,0,0,0,"Property Damage","Not At Intersection","No","No","Pedestrian",1,"SPRUCE ST","North",NA,"","11111563",0.16,"Municipal","Straight and Grade","Blacktop","Dry","Daylight","Clear","None","None",30,"Foot","North","INDIANA","NULL","","NULL",25,25,0,0,"No","","565",422854.855156,512108.309986,NA,"DVRPC",1,"PDO",11197105,40.239043,-74.748056
3745779,"2011111111009277","11009277",2011,"MERCER","Trenton City","2011-07-18","Monday","July","07:46:00",1,"TRENTON PD","TRAFFIC",0,1,1,0,1,"Injury","At Intersection","No","No","Pedestrian",1,"NJ 129","North",129,"","00000129",1.61,"State Highway","Straight and Level","Blacktop","Dry","Daylight","Clear","Curbed Median","None",NA,"At","NULL","CASS ST","NULL","","NULL",45,25,0,0,"No","","565",420997.20784,500170.371322,NA,"DVRPC",1,"Incapacitating Injury",11197089,40.2059759,-74.7546094
3745783,"2011111111009300","11009300",2011,"MERCER","Trenton City","2011-07-18","Monday","July","15:33:00",1,"TRENTON PD","WEST",0,0,1,0,1,"Injury","At Intersection","No","No","Pedestrian",1,"NJ 29","North",29,"","00000029",6.74,"State Highway","Straight and Level","Blacktop","Dry","Daylight","Clear","Grass Median","None",NA,"At","NULL","NJ 175 / SANHICAN DR","NULL","","NULL",25,25,0,0,"No","","529",404641,512430.58,NA,"DVRPC",1,"Moderate Injury",11197083,40.238489,-74.806178
3745811,"2011111111009419","11009419",2011,"MERCER","Trenton City","2011-07-21","Thursday","July","06:53:00",1,"TRENTON PD","PATROL SOUTH",0,0,0,0,0,"Property Damage","At Intersection","No","No","Pedestrian",1,"US 206","South",206,"","00000206",41.7,"Municipal","Straight and Level","Blacktop","Dry","Daylight","Clear","None","None",NA,"At","NULL","HUDSON STREET","NULL","","NULL",NA,25,0,0,"No","ONE BLACK 530 PENNINGTON AVE TRENTON NJ","555",421878.688904,500641.17556,NA,"DVRPC",1,"PDO",11197055,40.207772,-74.75188
3745858,"2011111111009628","11009628",2011,"MERCER","Trenton City","2011-07-25","Monday","July","16:09:00",1,"TRENTON PD","PATROL",0,0,0,0,0,"Property Damage","At Intersection","No","No","Pedestrian",1,"ACADEMY ST","NULL",NA,"","11111403",0.08,"Municipal","Straight and Level","Blacktop","Wet","Daylight","Rain","None","None",NA,"At","NULL","N STOCKTON ST","NULL","","NULL",25,NA,0,0,"No","","531",419442.457172,506172.552604,NA,"DVRPC",1,"PDO",11197011,40.222744,-74.760427
3745880,"2011111111009732","11009732",2011,"MERCER","Trenton City","2011-07-27","Wednesday","July","11:54:00",1,"TRENTON PD","TRAFFIC",0,0,1,0,1,"Injury","At Intersection","No","No","Pedestrian",1,"NJ 33","East",33,"","00000033",1.32,"County","Straight and Level","Blacktop","Dry","Daylight","Clear","None","Utility Zone",NA,"At","NULL","GARFIELD AVE","NULL","","NULL",25,25,0,0,"No","","414",426262.483709,506837.250933,NA,"DVRPC",1,"Pain",11196986,40.224592,-74.736017
3745979,"2011111111010338","11010338",2011,"MERCER","Trenton City","2011-08-09","Tuesday","August","19:45:00",1,"TRENTON PD","TRAFFIC",0,0,1,0,1,"Injury","At Intersection","No","No","Pedestrian",1,"US 206","South",206,"","00000206",41.39,"State Highway","Straight and Level","Blacktop","Wet","Dusk","Overcast","None","None",NA,"At","NULL","CHESTNUT AVE","NULL","","NULL",25,25,0,0,"No","SAUL-RAMOS DACCORDI ROAD 275 SECOND ST LONG BRANCH NJ","581",423315.639687,499853.259794,NA,"DVRPC",1,"Pain",11199777,40.205491,-74.746407
3745981,"2011111111010350","11010350",2011,"MERCER","Trenton City","2011-08-10","Wednesday","August","00:15:00",1,"TRENTON PD","TRAFFIC",0,0,0,0,0,"Property Damage","At Intersection","No","No","Pedestrian",1,"MERCER COUNTY 636","North",636,"","11000636",NA,"County","Straight and Grade","Blacktop","Dry","Dark (Street Lights On/ continuous)","Overcast","None","None",NA,"At","NULL","BELLEVUE AVE","NULL","","NULL",25,25,0,0,"No","","581",NA,NA,NA,"DVRPC",1,"PDO",11199775,40.232031,-74.7811768
3746116,"2011111111011089","11011089",2011,"MERCER","Trenton City","2011-08-25","Thursday","August","21:14:00",1,"TRENTON PD","TRAFFIC",0,0,1,0,1,"Injury","At Intersection","No","No","Pedestrian",1,"CHESTNUT AVE","North",NA,"","11111537",0.6,"Municipal","Straight and Level","Blacktop","Wet","Dark (Street Lights On/ continuous)","Rain","None","None",NA,"At","NULL","KENT ST","NULL","","NULL",25,25,0,0,"No","","581",423042.513878,502788.249878,NA,"DVRPC",1,"Moderate Injury",11199333,40.213558,-74.747381
3746124,"2011111111011129","11011129",2011,"MERCER","Trenton City","2011-08-26","Friday","August","16:18:00",1,"TRENTON PD","EAST PRECINCT",0,0,2,0,1,"Injury","At Intersection","No","No","Pedestrian",1,"S CLINTON AVE","South",NA,"","11031969",3.41,"Municipal","Straight and Grade","Blacktop","Dry","Daylight","Clear","Painted Median","None",NA,"At","NULL","GREENWOOD AVE","NULL","","NULL",25,40,0,0,"No","","530",421013.9335,504042.620451,NA,"DVRPC",1,"Moderate Injury",11199327,40.2169042,-74.754636
3746149,"2011111111011244","11011244",2011,"MERCER","Trenton City","2011-08-29","Monday","August","16:04:00",1,"TRENTON PD","SOUTH",0,0,0,0,0,"Property Damage","Not At Intersection","No","No","Backing",1,"KINGSBURY SQ","South",NA,"","",NA,"Municipal","Straight and Level","Blacktop","Dry","Daylight","Clear","None","None",NA,"NULL","NULL","","NULL","","NULL",25,NA,0,0,"No","","565",NA,NA,NA,"DVRPC",1,"PDO",11199299,40.214405,-74.7629814
3746188,"2011111111011426","11011426",2011,"MERCER","Trenton City","2011-09-02","Friday","September","15:21:00",1,"TRENTON PD","PATROL WEST",0,0,0,0,0,"Property Damage","Not At Intersection","No","No","Pedestrian",1,"MERCER COUNTY 636","South",636,"","11000636",NA,"County","Straight and Grade","Blacktop","Dry","Daylight","Clear","None","None",20,"Foot","North","READING AVE","NULL","","NULL",30,25,0,0,"No","","052",NA,NA,NA,"DVRPC",1,"PDO",11199678,40.239097,-74.783947
3746208,"2011111111011561","11011561",2011,"MERCER","Trenton City","2011-09-05","Monday","September","14:51:00",1,"TRENTON PD","TRAFFIC",0,0,1,0,1,"Injury","Not At Intersection","No","No","Pedestrian",1,"STUYVESANT AVE","South",NA,"","11111568",0.05,"Municipal","Straight and Grade","Blacktop","Dry","Daylight","Overcast","None","None",60,"Foot","South","LINWOOD AVENUE","NULL","","NULL",25,25,0,0,"No","","414",415336.529997,509243.100002,NA,"DVRPC",1,"Moderate Injury",11199658,40.231258,-74.775168
3746211,"2011111111011585","11011585",2011,"MERCER","Trenton City","2011-09-06","Tuesday","September","12:50:00",1,"TRENTON PD","TRAFFIC",0,0,1,0,1,"Injury","At Intersection","No","No","Pedestrian",1,"MERCER COUNTY 622","North",622,"","11000622",NA,"County","Straight and Level","Blacktop","Wet","Daylight","Rain","None","None",NA,"At","NULL","CR 606","NULL","","NULL",25,25,0,0,"No","","608",NA,NA,NA,"DVRPC",1,"Moderate Injury",11199652,40.21971,-74.732807
3746238,"2011111111011678","11011678",2011,"MERCER","Trenton City","2011-09-08","Thursday","September","17:26:00",1,"TRENTON PD","PATROL",0,0,1,0,0,"Injury","At Intersection","No","No","Same Direction - Rear End",2,"MERCER COUNTY 622","North",622,"","11000622",NA,"County","Straight and Level","Blacktop","Dry","Daylight","Clear","None","None",NA,"At","NULL","BREUNIG AVE","NULL","","NULL",NA,10,0,0,"Yes","","554",NA,NA,NA,"DVRPC",1,"Pain",11199627,40.2338922,-74.7458136
3746257,"2011111111011769","11011769",2011,"MERCER","Trenton City","2011-09-10","Saturday","September","21:19:00",1,"TRENTON PD","TRAFFIC",0,0,1,0,1,"Injury","Not At Intersection","No","No","Pedestrian",1,"WYOMING ALY","North",NA,"","11111264",0.11,"Municipal","Straight and Level","Blacktop","Dry","Dark (Street Lights On/ continuous)","Clear","None","None",NA,"NULL","NULL","N DEAN AVENUE","NULL","","NULL",15,25,0,0,"No","","581",409907.354986,510562.647569,NA,"DVRPC",1,"Pain",11199607,40.2347887,-74.794575
3746285,"2011111111011913","11011913",2011,"MERCER","Trenton City","2011-09-14","Wednesday","September","11:42:00",1,"TRENTON PD","TRAFFIC",0,0,1,0,1,"Injury","Not At Intersection","No","No","Pedestrian",1,"MERCER COUNTY 626","South",626,"","11000626",1,"County","Straight and Level","Blacktop","Dry","Daylight","Clear","None","None",10,"Foot","NULL","MORRIS AVENUE","NULL","","NULL",25,25,0,0,"No","","608",425384.571765,502139.214118,NA,"DVRPC",1,"Pain",11199575,40.2114997,-74.7387862
3746288,"2011111111011920","11011920",2011,"MERCER","Trenton City","2011-09-14","Wednesday","September","14:08:00",1,"TRENTON PD","PATROL/SOUTH",0,0,1,0,1,"Injury","Not At Intersection","No","No","Pedestrian",1,"ROEBLING AVE","East",NA,"","11111538",0.725,"Municipal","Straight and Level","Blacktop","Dry","Daylight","Clear","None","None",25,"Foot","East","S BROAD ST","NULL","","NULL",25,25,0,0,"No","","499",422149.06949,500521.33574,NA,"DVRPC",1,"Pain",11199576,40.207233,-74.750575
3746321,"2011111111012116","11012116",2011,"MERCER","Trenton City","2011-09-20","Tuesday","September","07:10:00",1,"TRENTON PD","PATROL/WEST",0,0,1,0,1,"Injury","Not At Intersection","No","No","Pedestrian",1,"N HERMITAGE AVE","NULL",NA,"","11111561",0.14,"Municipal","Straight and Level","Blacktop","Dry","Daylight","Clear","None","None",NA,"NULL","NULL","W STATE ST","NULL","","NULL",25,NA,0,0,"No","","555",412644.118787,508428.019434,NA,"DVRPC",1,"Pain",11199541,40.228888,-74.784685
3746334,"2011111111012240","11012240",2011,"MERCER","Trenton City","2011-09-23","Friday","September","08:56:00",1,"TRENTON PD","PATROL WEST",0,0,1,0,1,"Injury","At Intersection","No","No","Pedestrian",1,"W. INGHAM AVE","South",NA,"","11111569",0,"Municipal","Straight and Level","Blacktop","Wet","Daylight","Rain","Painted Median","None",NA,"At","NULL","CR 653","NULL","","NULL",25,25,0,0,"No","","445",418217.92,509847.23,NA,"DVRPC",1,"Pain",11203344,40.2328321,-74.764748
3746342,"2011111111012260","11012260",2011,"MERCER","Trenton City","2011-09-23","Friday","September","12:00:00",1,"TRENTON PD","PATROL",0,0,0,0,0,"Property Damage","Not At Intersection","No","No","Pedestrian",1,"LIBERTY ST","West",NA,"","11112004",1.139,"Municipal","Straight and Level","Blacktop","Dry","Daylight","Clear","None","None",50,"Foot","East","QUINTON AVE","NULL","","NULL",25,25,0,0,"No","","051",426708.82009,502446.937845,NA,"DVRPC",1,"PDO",11203337,40.2125777,-74.7342598
3746364,"2011111111012376","11012376",2011,"MERCER","Trenton City","2011-09-26","Monday","September","12:39:00",1,"TRENTON PD","NORTH UNIT 136",0,0,1,0,1,"Injury","At Intersection","No","No","Right Angle",2,"MERCER COUNTY 636","North",636,"","11000636",0.46,"County","Straight and Grade","Blacktop","Dry","Daylight","Clear","None","None",NA,"At","NULL","STUYVESANT AVE","NULL","","NULL",25,25,0,0,"No","","331",412505.406692,511396.280034,NA,"DVRPC",1,"Pain",11203315,40.2332498,-74.7785217
3746372,"2011111111012441","11012441",2011,"MERCER","Trenton City","2011-09-27","Tuesday","September","15:40:00",1,"TRENTON PD","PATROL",0,0,1,0,1,"Injury","At Intersection","No","No","Pedalcyclist",1,"DAYTON ST","North",NA,"","11111211",0.18,"Municipal","Straight and Level","Concrete","Dry","Daylight","Clear","None","None",NA,"At","NULL","GRAND ST","NULL","","NULL",25,25,0,0,"No","","423",424485.153979,498564.283335,NA,"DVRPC",1,"Pain",11203307,40.201968,-74.74214
3746448,"2011111111012772","11012772",2011,"MERCER","Trenton City","2011-10-05","Wednesday","October","15:02:00",1,"TRENTON PD","TRAFFIC",0,0,1,0,0,"Injury","At Intersection","No","No","Opposite Direction - Head On/Angular",3,"BEATTY ST","South",NA,"","11111577",0.24,"Municipal","Straight and Level","Blacktop","Dry","Daylight","Clear","None","None",NA,"At","NULL","ADELINE ST","NULL","","NULL",25,25,0,0,"No","","565",422372.195063,500082.872081,NA,"DVRPC",2,"Pain",11218832,40.206079,-74.7497434
3746580,"2011111111013324","11013324",2011,"MERCER","Trenton City","2011-10-19","Wednesday","October","19:00:00",1,"TRENTON PD","PATROL",0,0,1,0,1,"Injury","Not At Intersection","No","No","Pedestrian",1,"WILLIAM TRENT PL","South",NA,"","",NA,"Municipal","Curve and Level","Blacktop","Wet","Dark (Street Lights On/ continuous)","Rain","Painted Median","None",200,"Foot","West","NEW WARREN ST","NULL","","NULL",25,25,0,0,"No","","575",NA,NA,NA,"DVRPC",1,"Pain",11224394,40.2131049,-74.7660746
3746628,"2011111111013510","11013510",2011,"MERCER","Trenton City","2011-10-25","Tuesday","October","08:06:00",1,"TRENTON PD","TRAFFIC",0,0,1,0,1,"Injury","Not At Intersection","No","No","Pedestrian",1,"W STATE ST","NULL",NA,"","11111552",0.18,"Municipal","Straight and Level","Blacktop","Dry","Daylight","Clear","None","None",NA,"NULL","NULL","LASALLE AVE","NULL","","NULL",NA,NA,0,0,"No","","414",408393.076551,511211.803918,NA,"DVRPC",1,"Moderate Injury",11231717,40.236239,-74.799086
3746655,"2011111111013652","11013652",2011,"MERCER","Trenton City","2011-10-28","Friday","October","08:09:00",1,"TRENTON PD","PATROL-SOUTH",0,0,1,0,1,"Injury","At Intersection","No","No","Pedestrian",1,"S CLINTON AVE","South",NA,"","11031969",2.32,"Municipal","Straight and Level","Blacktop","Dry","Daylight","Clear","None","None",NA,"At","NULL","ANDERSON ST","NULL","","NULL",25,25,0,0,"No","","398",424351.991678,499938.351194,NA,"DVRPC",1,"Pain",11231760,40.2057231,-74.7426845
3746710,"2011111111013945","11013945",2011,"MERCER","Trenton City","2011-11-04","Friday","November","05:50:00",1,"TRENTON PD","NORTH",0,0,1,0,1,"Injury","At Intersection","No","No","Pedestrian",1,"N CLINTON AVE","North",NA,"","11031969",4.23,"Municipal","Curve and Level","Blacktop","Dry","Dark (No Street Lights)","Clear","Painted Median","None",NA,"At","NULL","PERRINE AVE","NULL","","NULL",25,25,0,0,"No","","518",421897.972305,508104.016383,NA,"DVRPC",1,"Moderate Injury",11246915,40.228089,-74.751543
3746754,"2011111111014119","11014119",2011,"MERCER","Trenton City","2011-11-07","Monday","November","22:41:00",1,"TRENTON PD","EAST UNIT 314",0,0,1,0,1,"Injury","At Intersection","No","No","Pedestrian",1,"HOWELL ST","NULL",NA,"","11111164",0,"Municipal","Straight and Level","Blacktop","Dry","Dark (Street Lights Off)","Clear","None","None",NA,"At","NULL","LIBERTY ST","NULL","","NULL",25,25,0,0,"No","","331",425146.220093,500444.79986,NA,"DVRPC",1,"Pain",11246870,40.207101,-74.7398171
3746756,"2011111111014129","11014129",2011,"MERCER","Trenton City","2011-11-08","Tuesday","November","08:05:00",1,"TRENTON PD","PATROL",0,0,0,0,0,"Property Damage","At Intersection","No","No","Pedestrian",1,"STUYVESANT AVE","NULL",NA,"","11111568",0,"Municipal","Straight and Level","Blacktop","Dry","Daylight","Clear","None","None",NA,"At","NULL","PROSPECT ST","NULL","","NULL",25,25,0,0,"No","","135",415546.05,509083.59,NA,"DVRPC",1,"PDO",11246868,40.2307334,-74.7742792
3746767,"2011111111014178","11014178",2011,"MERCER","Trenton City","2011-11-09","Wednesday","November","12:02:00",1,"TRENTON PD","NORTH/PATROL",0,0,1,0,1,"Injury","Not At Intersection","No","No","Pedestrian",1,"46 TUCKER ST","North",NA,"","",NA,"Private Property","Straight and Level","Blacktop","Dry","Daylight","Clear","None","None",NA,"NULL","NULL","","NULL","","NULL",25,NA,0,0,"No","","595",NA,NA,NA,"DVRPC",1,"Pain",11246857,40.2254406,-74.7668303
3746775,"2011111111014204","11014204",2011,"MERCER","Trenton City","2011-11-09","Wednesday","November","18:24:00",1,"TRENTON PD","WEST",0,0,1,0,0,"Injury","Not At Intersection","No","No","Pedestrian",1,"RIUTHERFORD AVE","West",NA,"","11111255",0.181,"Municipal","Straight and Level","Blacktop","Dry","Dark (Street Lights On/ continuous)","Clear","None","None",320,"Foot","East","EXTON ST","NULL","","NULL",25,25,0,0,"No","","583",414606.035943,509346.732065,NA,"DVRPC",1,"Moderate Injury",11247321,40.2320109,-74.7786002
3746779,"2011111111014227","11014227",2011,"MERCER","Trenton City","2011-11-10","Thursday","November","10:03:00",1,"TRENTON PD","SOUTH DISTRICT",0,0,1,0,1,"Injury","At Intersection","No","No","Pedestrian",1,"CASS ST","West",NA,"","11111527",0.18,"Municipal","Straight and Level","Blacktop","Dry","Daylight","Clear","None","None",NA,"At","NULL","SECOND ST","NULL","","NULL",25,25,0,0,"No","","352",420180.583498,499869.471382,NA,"DVRPC",1,"Moderate Injury",11247317,40.205594,-74.756982
3746810,"2011111111014409","11014409",2011,"MERCER","Trenton City","2011-11-14","Monday","November","22:53:00",1,"TRENTON PD","PATROL/SOUTH",0,0,0,0,0,"Property Damage","Not At Intersection","No","No","Pedestrian",1,"WHITTAKER AVE","NULL",NA,"","",NA,"Private Property","Straight and Level","Concrete","Dry","Dark (Street Lights On/ continuous)","Clear","None","None",NA,"NULL","NULL","S CLINTON AVE","NULL","","NULL",NA,NA,0,0,"No","","566",NA,NA,NA,"DVRPC",1,"PDO",11247110,40.2074358,-74.7467984
3746849,"2011111111014604","11014604",2011,"MERCER","Trenton City","2011-11-19","Saturday","November","23:32:00",1,"TRENTON PD","PATROL",0,0,0,0,0,"Property Damage","At Intersection","No","No","Pedestrian",1,"MERCER COUNTY 622","North",622,"","11000622",2.98,"County","Straight and Grade","Blacktop","Dry","Dark (Street Lights On/ continuous)","Clear","None","None",NA,"At","NULL","WARD AVE","NULL","","NULL",25,25,0,0,"No","","555",425011.92,507824.31,NA,"DVRPC",1,"PDO",11258464,40.2273611,-74.7403529
3746889,"2011111111014801","11014801",2011,"MERCER","Trenton City","2011-11-24","Thursday","November","20:53:00",1,"TRENTON PD","EAST",0,0,1,0,1,"Injury","At Intersection","No","No","Pedestrian",1,"ANDERSON ST","West",NA,"","11111159",0.72,"Municipal","Straight and Level","Blacktop","Dry","Dark (Street Lights Off)","Clear","None","NULL",NA,"At","NULL","KENT ST","NULL","","NULL",25,NA,0,0,"No","","445",423991.216567,503113.465388,NA,"DVRPC",1,"Pain",11258418,40.214258,-74.743908