"ID","DOT_WEB_ID","CASE_NUMBER","CRASH_YEAR","COUNTY","MUNICIPALITY","CRASH_DATE","CRASH_DAY_OF_WEEK","CRASH_MONTH","CRASH_TIME","POLICE_DEPT_CODE","POLICE_DEPARTMENT","POLICE_STATION","TOTAL_KILLED","TOTAL_INCAPACITATED","TOTAL_INJURED","PEDESTRIANS_KILLED","PEDESTRIANS_INJURED","SEVERITY","INTERSECTION","ALCOHOL_INVOLVED","HAZMAT_INVOLVED","CRASH_TYPE","TOTAL_VEHICLES_INVOLVED","CRASH_LOCATION","LOCATION_DIRECTION","ROUTE","ROUTE_SUFFIX","SRI","MILEPOST","ROAD_SYSTEM","ROAD_CHARACTER","ROAD_SURFACE_TYPE","SURFACE_CONDITION","LIGHT_CONDITION","ENVIRONMENTAL_CONDITION","ROAD_DIVIDED_BY","TEMP_TRAFFIC_CONTROL_ZONE","DISTANCE_TO_CROSS_STREET","UNIT_OF_MEASUREMENT","DIRECTION_FROM_CROSS_STREET","CROSS_STREET_NAME","IS_RAMP","RAMP_TO_FROM_ROUTE_NAME","RAMP_TO_FROM_ROUTE_DIRECTION","POSTED_SPEED","POSTED_SPEED_CROSS_STREET","LATITUDE","LONGITUDE","CELL_PHONE_IN_USE","OTHER_PROPERTY_DAMAGE","REPORTING_BADGE_NO","X","Y","CRASH_NARRATIVE","MPO","TOTAL_PEDESTRIANS_INVOLVED","EPDO","DLN","LatitudeGeocoded","LongitudeGeocoded"
4032168,"2012110712-1755-AC","12-1755-AC",2012,"MERCER","Lawrence Twp (Mercer Co)","2012-01-12","Thursday","January","17:29:00",1,"LAWRENCE TWP PD","",0,0,1,0,1,"Injury","Not At Intersection","No","No","Pedestrian",1,"US 206","North",206,"","00000206",NA,"State Highway","Straight and Level","Blacktop","Wet","Dark (Street Lights On/ continuous)","Clear","None","None",10,"Foot","South","LAWRENCE AVE","NULL","","NULL",40,25,0,0,"No","","193",NA,NA,NA,"DVRPC",1,"Moderate Injury",12002273,40.2660043,-74.7404559
4032261,"2012110712-21217-AC","12-21217-AC",2012,"MERCER","Lawrence Twp (Mercer Co)","2012-05-30","Wednesday","May","21:19:00",1,"LAWRENCE TWP PD","",0,0,1,0,1,"Injury","Not At Intersection","No","No","Pedestrian",1,"MULBERRY ST","NULL",NA,"","11071118",0.188,"Municipal","Straight and Level","Blacktop","Dry","Dark (Street Lights On/ continuous)","Clear","None","None",10,"Foot","West","BRUNSWICK AVE","NULL","","NULL",25,25,0,0,"No","","209",423417.239895,513165.474465,NA,"DVRPC",1,"Moderate Injury",12104822,40.241988,-74.746113
4032337,"2012110712-24710-AC","12-24710-AC",2012,"MERCER","Lawrence Twp (Mercer Co)","2012-06-27","Wednesday","June","17:28:00",1,"LAWRENCE TWP PD","",0,0,1,0,1,"Injury","Not At Intersection","No","No","Pedestrian",1,"2721 BRUNSWICK PIKE","NULL",NA,"","",NA,"Private Property","Straight and Level","Blacktop","Dry","Daylight","Clear","None","None",NA,"NULL","NULL","","NULL","","NULL",5,NA,0,0,"No","","190",NA,NA,NA,"DVRPC",1,"Pain",12126110,40.2651741,-74.7192793
4032415,"2012110712-28132-AC","12-28132-AC",2012,"MERCER","Lawrence Twp (Mercer Co)","2012-07-25","Wednesday","July","23:14:00",1,"LAWRENCE TWP PD","",0,1,1,0,1,"Injury","At Intersection","Yes","No","Pedestrian",1,"US 1 BUSINESS","NULL",1,"B","00000001B",0.74,"State Highway","Straight and Level","Blacktop","Dry","Dark (Street Lights On/ continuous)","Clear","Curbed Median","None",NA,"At","NULL","PUTNAM AVE","NULL","","NULL",40,25,0,0,"No","","177",425431.765552,515309.20543,NA,"DVRPC",1,"Incapacitating Injury",12152602,40.2485434,-74.7381795
4032518,"2012110712-31538-AC","12-31538-AC",2012,"MERCER","Lawrence Twp (Mercer Co)","2012-08-23","Thursday","August","23:43:00",1,"LAWRENCE TWP PD","",1,0,1,1,0,"Fatal","At Intersection","Yes","No","Pedestrian",1,"US 1","NULL",1,"","00000001",5.98,"State Highway","Straight and Level","Blacktop","Dry","Dark (Street Lights On/ continuous)","Clear","Barrier Median","NULL",NA,"At","NULL","ROUTE 546 / BAKERS BASIN RD","NULL","","NULL",55,35,0,0,"No","","177",434760.78448,525340.280469,NA,"DVRPC",1,"Fatal Injury",12179303,40.2751297,-74.7061924
4032526,"2012110712-3178-AC","12-3178-AC",2012,"MERCER","Lawrence Twp (Mercer Co)","2012-01-22","Sunday","January","13:23:00",1,"LAWRENCE TWP PD","",0,0,1,0,1,"Injury","At Intersection","No","No","Pedestrian",1,"BERGEN ST","NULL",NA,"","11071297",0.68,"Municipal","Curve and Level","Blacktop","Other","Daylight","Clear","None","None",NA,"At","NULL","DIX LN","NULL","","NULL",25,25,0,0,"No","","156",426949.14,535438.9,NA,"DVRPC",1,"Pain",12011259,40.3064094,-74.7312001
4032560,"2012110712-33232-AC","12-33232-AC",2012,"MERCER","Lawrence Twp (Mercer Co)","2012-09-08","Saturday","September","11:22:00",1,"LAWRENCE TWP PD","",0,0,0,0,0,"Property Damage","At Intersection","No","No","Same Direction - Rear End",2,"ROUTE 583","NULL",583,"","00000583",NA,"Municipal","Straight and Level","Blacktop","Dry","Daylight","Clear","None","None",NA,"At","NULL","TEXAS AVE","NULL","","NULL",25,25,0,0,"No","TREE/LAWN-ROBERTA M WYCKOFF-2401 PRINCETON PIKE LAWRENCE TWP NJ 08648","163",NA,NA,NA,"DVRPC",1,"PDO",12180465,40.2613331,-74.732946
4032629,"2012110712-35976-AC","12-35976-AC",2012,"MERCER","Lawrence Twp (Mercer Co)","2012-10-01","Monday","October","22:32:00",1,"LAWRENCE TWP PD","",0,0,1,0,1,"Injury","Not At Intersection","No","No","Pedestrian",1,"2083 LAWRENCE RD","NULL",NA,"","",10.1,"Private Property","Straight and Level","Blacktop","Dry","Dark (No Street Lights)","Clear","NULL","NULL",500,"Foot","West","SOUTH DR","NULL","","NULL",NA,15,0,0,"No","","113",NA,NA,NA,"DVRPC",1,"Moderate Injury",12209584,40.2809335,-74.7391534
4032768,"2012110712-41268-AC","12-41268-AC",2012,"MERCER","Lawrence Twp (Mercer Co)","2012-11-16","Friday","November","17:47:00",1,"LAWRENCE TWP PD","",1,0,0,1,0,"Fatal","Not At Intersection","No","No","Pedestrian",1,"US 206","North",206,"","00000206",46.98,"State Highway","Straight and Level","Blacktop","Dry","Dark (Street Lights On/ continuous)","Clear","None","None",3,"Foot","South","OAKLYN TER","NULL","","NULL",35,25,0,0,"No","","183",426164.269124,523944.86391,NA,"DVRPC",1,"Fatal Injury",12249337,40.2716864,-74.736285
4032807,"2012110712-42690-AC","12-42690-AC",2012,"MERCER","Lawrence Twp (Mercer Co)","2012-12-02","Sunday","December","14:08:00",1,"LAWRENCE TWP PD","",0,0,1,0,1,"Injury","Not At Intersection","No","No","Pedestrian",1,"3320 BRUNSWICK PIKE","NULL",NA,"","",NA,"Private Property","Straight and Level","Blacktop","Dry","Daylight","Clear","NULL","None",NA,"NULL","NULL","","NULL","","NULL",15,NA,0,0,"No","","208",NA,NA,NA,"DVRPC",1,"Pain",12252852,40.2907041,-74.6813304
4032811,"2012110712-42794-AC","12-42794-AC",2012,"MERCER","Lawrence Twp (Mercer Co)","2012-12-03","Monday","December","11:35:00",1,"LAWRENCE TWP PD","",1,0,0,1,0,"Fatal","Not At Intersection","No","No","Pedestrian",1,"3325 BRUNSWICK PIKE","NULL",NA,"","",NA,"Private Property","Straight and Level","Blacktop","Dry","Daylight","Clear","None","None",NA,"NULL","NULL","","NULL","","NULL",NA,NA,0,0,"No","","151",NA,NA,NA,"DVRPC",1,"Fatal Injury",12505363,40.2940756,-74.6833495
4032891,"2012110712-44631-AC","12-44631-AC",2012,"MERCER","Lawrence Twp (Mercer Co)","2012-12-23","Sunday","December","11:57:00",1,"LAWRENCE TWP PD","",0,0,1,0,1,"Injury","Not At Intersection","No","No","Pedestrian",1,"3325 BRUNSWICK PIKE","NULL",NA,"","",NA,"Private Property","Straight and Level","Blacktop","Dry","Daylight","Clear","None","None",NA,"NULL","NULL","","NULL","","NULL",NA,NA,0,0,"No","","212",NA,NA,NA,"DVRPC",1,"Pain",12504069,40.2940756,-74.6833495
4033017,"2012110712-9874-AC","12-9874-AC",2012,"MERCER","Lawrence Twp (Mercer Co)","2012-03-08","Thursday","March","17:25:00",1,"LAWRENCE TWP PD","",0,0,1,0,1,"Injury","At Intersection","No","No","Pedestrian",1,"MERCER COUNTY 645","NULL",645,"","11000645",NA,"County","Curve and Level","Blacktop","Dry","Dusk","Clear","Grass Median","None",NA,"At","NULL","STRAWBERRY ST","NULL","","NULL",25,40,0,0,"No","","209",NA,NA,NA,"DVRPC",1,"Moderate Injury",12054813,40.246229,-74.7536963
4033300,"2012110812-2749","12-2749",2012,"MERCER","Pennington Borough","2012-06-26","Tuesday","June","08:45:00",1,"PENNINGTON BORO PD","",0,0,1,0,1,"Injury","Not At Intersection","No","No","Backing",1,"1 ROUTE 31 NORTH","NULL",NA,"","",NA,"Private Property","Straight and Level","Blacktop","Dry","Daylight","Clear","None","None",NA,"NULL","NULL","","NULL","","NULL",NA,NA,0,0,"No","NONE","716",NA,NA,NA,"DVRPC",1,"Moderate Injury",12143765,40.3263602,-74.7990611
4033399,"2012110912-21205","12-21205",2012,"MERCER","Princeton Borough","2012-11-12","Monday","November","10:58:00",1,"PRINCETON BORO PD","",0,0,1,0,1,"Injury","Not At Intersection","No","No","Pedestrian",1,"HULFISH ST","NULL",NA,"","11091066",0.299,"Municipal","Straight and Level","Blacktop","Dry","Daylight","Clear","None","None",5,"Foot","West","WITHERSPOON ST.","NULL","","NULL",25,25,0,0,"No","","749",447413.484563,552874.881138,NA,"DVRPC",1,"Moderate Injury",12233509,40.351172,-74.6604032
4033470,"201211092012-00866","2012-00866",2012,"MERCER","Princeton Borough","2012-01-13","Friday","January","18:34:00",1,"PRINCETON BORO PD","",0,0,0,0,0,"Property Damage","Not At Intersection","No","No","Pedestrian",1,"VANDEVENTER AVENUE","NULL",NA,"","11091074",0.001,"Municipal","Straight and Grade","Blacktop","Dry","Dark (Street LIghts On/ spot)","Clear","None","None",5,"Foot","North","NJ 27","NULL","","NULL",25,25,0,0,"No","","150",448324,552578.32,NA,"DVRPC",1,"PDO",12011084,40.351997,-74.65745
4033507,"201211092012-014970","2012-014970",2012,"MERCER","Princeton Borough","2012-08-02","Thursday","August","18:24:00",1,"PRINCETON BORO PD","",0,0,1,0,1,"Injury","Not At Intersection","No","No","Pedestrian",1,"WIGGINS ST","NULL",NA,"","11091086",0.96,"Municipal","Straight and Level","Blacktop","Dry","Daylight","Clear","None","None",2,"Foot","West","N. TULANE ST.","NULL","","NULL",25,25,0,0,"No","","138",447730.174825,553347.187528,NA,"DVRPC",1,"Moderate Injury",12152488,40.3524714,-74.659352
4033540,"201211092012-021191","2012-021191",2012,"MERCER","Princeton Borough","2012-11-12","Monday","November","07:51:00",1,"PRINCETON BORO PD","",0,0,1,0,1,"Injury","Not At Intersection","No","No","Pedestrian",1,"NJ 27","NULL",27,"","00000027",0.83,"State Highway","Straight and Level","Blacktop","Wet","Daylight","Fog/Smog/Smoke","None","None",25,"Foot","West","MURRAY PL","NULL","","NULL",25,25,0,0,"No","","152",450427.359182,553431.265357,NA,"DVRPC",1,"Pain",12233508,40.3526799,-74.6497359
4033592,"201211092012-13976","2012-13976",2012,"MERCER","Princeton Borough","2012-07-17","Tuesday","July","09:27:00",1,"PRINCETON BORO PD","",0,0,1,0,1,"Injury","Not At Intersection","No","No","Pedestrian",1,"WIGGINS ST","NULL",NA,"","11091086",1.169,"Municipal","Straight and Level","Blacktop","Dry","Daylight","Clear","Barrier Median","None",5,"Foot","West","MOORE ST.","NULL","","NULL",25,25,0,0,"No","","136",448723.112354,553832.885886,NA,"DVRPC",1,"Moderate Injury",12143130,40.3537883,-74.6557514
4033631,"201211092012-18225","2012-18225",2012,"MERCER","Princeton Borough","2012-09-24","Monday","September","05:51:00",1,"PRINCETON BORO PD","",0,0,1,0,1,"Injury","Not At Intersection","No","No","Pedestrian",1,"UNIVERSITY PLACE","South",NA,"","11091188",0.46,"Municipal","Straight and Level","Blacktop","Dry","Dark (Street LIghts On/ spot)","Clear","None","None",5,"Foot","South","NASSAU STREET","NULL","","NULL",25,25,0,0,"No","NONE","148",446670.02,551980.75,NA,"DVRPC",1,"Moderate Injury",12205553,40.3487188,-74.6630816
4033653,"201211092012-20604","2012-20604",2012,"MERCER","Princeton Borough","2012-10-30","Tuesday","October","21:18:00",1,"PRINCETON BORO PD","",0,0,1,0,1,"Injury","Not At Intersection","No","No","Pedestrian",1,"NJ 27","NULL",27,"","00000027",0.75,"State Highway","Straight and Level","Blacktop","Dry","Dark (Street LIghts On/ spot)","Clear","None","None",50,"Foot","West","PINE ST","NULL","","NULL",25,15,0,0,"No","","141",450036.30703,553276.363238,NA,"DVRPC",1,"Pain",12219884,40.3523181,-74.6509184
4033662,"201211092012-21212","2012-21212",2012,"MERCER","Princeton Borough","2012-11-12","Monday","November","12:31:00",1,"PRINCETON BORO PD","",0,0,1,0,1,"Injury","Not At Intersection","No","No","Pedestrian",1,"360 NASSAU ST","NULL",NA,"","",NA,"Private Property","Straight and Level","Blacktop","Dry","Daylight","Clear","None","None",NA,"NULL","NULL","","NULL","","NULL",NA,NA,0,0,"No","NONE","149",NA,NA,NA,"DVRPC",1,"Pain",12233510,40.3542957,-74.6450428
4033682,"201211092012-3443","2012-3443",2012,"MERCER","Princeton Borough","2012-02-17","Friday","February","15:24:00",1,"PRINCETON BORO PD","",0,0,1,0,1,"Injury","Not At Intersection","No","No","Pedestrian",1,"HARRISON STREET","NULL",NA,"","11091239",0.279,"Municipal","Straight and Grade","Blacktop","Dry","Daylight","Clear","None","None",4,"Foot","South","NASSAU STREET","NULL","","NULL",25,30,0,0,"No","","148",451540.071271,553929.382674,NA,"DVRPC",1,"Moderate Injury",12027855,40.3539545,-74.6455326
4033683,"201211092012-3559","2012-3559",2012,"MERCER","Princeton Borough","2012-02-18","Saturday","February","19:10:00",1,"PRINCETON BORO PD","",0,0,1,0,1,"Injury","Not At Intersection","No","No","Pedestrian",1,"NJ 27","NULL",27,"","00000027",0.4,"State Highway","Straight and Level","Blacktop","Wet","Dark (Street LIghts On/ spot)","Rain","None","None",5,"Foot","East","ROUTE 571 / VANDEVENTER AVE / WASHI","NULL","","NULL",25,NA,0,0,"No","","141",448324,552578.32,NA,"DVRPC",1,"Moderate Injury",12041425,40.3503814,-74.6570811
4033685,"201211092012-3682","2012-3682",2012,"MERCER","Princeton Borough","2012-02-15","Wednesday","February","18:00:00",1,"PRINCETON BORO PD","",0,0,1,0,1,"Injury","At Intersection","No","No","Pedestrian",1,"UNIVERSITY PLACE","NULL",NA,"","11091188",0.16,"Municipal","Straight and Grade","Blacktop","Dry","Dark (Street LIghts On/ spot)","Clear","None","None",NA,"At","NULL","COLLEGE ROAD","NULL","","NULL",25,25,0,0,"No","","120",447437.850123,550574.158047,NA,"DVRPC",1,"Moderate Injury",12041424,40.3448862,-74.66033
4033694,"201211092012-4481","2012-4481",2012,"MERCER","Princeton Borough","2012-02-29","Wednesday","February","21:35:00",1,"PRINCETON BORO PD","",0,0,1,0,1,"Injury","At Intersection","No","No","Pedestrian",1,"NJ 27","NULL",27,"","00000027",0.26,"State Highway","Straight and Level","Blacktop","Wet","Dark (Street Lights On/ continuous)","Rain","None","None",NA,"At","NULL","WITHERSPOON ST","NULL","","NULL",25,25,0,0,"No","","149",447620.777811,552329.210454,NA,"DVRPC",1,"Pain",12041419,40.3496565,-74.6597434
4033714,"201211092012-7046","2012-7046",2012,"MERCER","Princeton Borough","2012-04-03","Tuesday","April","20:10:00",1,"PRINCETON BORO PD","",0,0,1,0,1,"Injury","Not At Intersection","No","No","Pedestrian",1,"ROUTE 571","NULL",571,"","00000571",43.97,"Municipal","Straight and Grade","Blacktop","Dry","Dark (Street Lights On/ continuous)","Clear","None","None",2,"Foot","South","WILLIAM ST","NULL","","NULL",25,25,0,0,"No","","120",448589.732458,552189.639703,NA,"DVRPC",1,"Pain",12060847,40.3493819,-74.65625
4033732,"201211092012-9232","2012-9232",2012,"MERCER","Princeton Borough","2012-05-04","Friday","May","11:54:00",1,"PRINCETON BORO PD","",0,0,1,0,1,"Injury","Not At Intersection","No","No","Pedestrian",1,"11 UNIVERSITY PLACE","NULL",NA,"","",NA,"Private Property","Straight and Level","Gravel","Wet","Daylight","Overcast","None","None",NA,"NULL","NULL","","NULL","","NULL",NA,NA,0,0,"No","NONE","126",NA,NA,NA,"DVRPC",1,"Moderate Injury",12087397,40.34801,-74.662926
4033796,"2012111012-11621","12-11621",2012,"MERCER","Princeton Township","2012-08-12","Sunday","August","19:03:00",1,"PRINCETON TWP PD","",0,0,1,0,1,"Injury","At Intersection","No","No","Pedestrian",1,"MERCER COUNTY 629","NULL",629,"","11000629",0.33,"County","Straight at Hillcrest","Blacktop","Dry","Daylight","Clear","None","None",NA,"At","NULL","HARTLEY AVENUE","NULL","","NULL",25,25,0,0,"No","","93",453162.08,551142.32,NA,"DVRPC",1,"Moderate Injury",12165087,40.3462597,-74.6396549
4033984,"2012111012-2252","12-2252",2012,"MERCER","Princeton Township","2012-02-14","Tuesday","February","18:08:00",1,"PRINCETON TWP PD","",0,0,1,0,1,"Injury","At Intersection","No","No","Pedestrian",1,"NORTH HARRISON STREET","NULL",NA,"","11091239",1.1,"Municipal","Straight and Level","Blacktop","Dry","Dark (Street Lights On/ continuous)","Clear","Grass Median","None",NA,"At","NULL","VALLEY ROAD","NULL","","NULL",35,25,0,0,"No","","96",449443.560711,557684.177219,NA,"DVRPC",1,"Moderate Injury",12027581,40.3641533,-74.6531998
4033988,"2012111012-247","12-247",2012,"MERCER","Princeton Township","2012-01-05","Thursday","January","17:22:00",1,"PRINCETON TWP PD","",0,0,1,0,1,"Injury","Not At Intersection","No","No","Pedestrian",1,"MERCER COUNTY 629","NULL",629,"","11000629",0.16,"County","Straight and Level","Blacktop","Dry","Dark (Street LIghts On/ spot)","Clear","None","None",2,"Foot","North","SYCAMORE RD","NULL","","NULL",25,25,0,0,"No","","93",452708.860556,551927.106621,NA,"DVRPC",1,"Pain",12002510,40.3484713,-74.6413436
4034011,"2012111012-4010","12-4010",2012,"MERCER","Princeton Township","2012-03-16","Friday","March","10:49:00",1,"PRINCETON TWP PD","PATROL",0,0,1,0,1,"Injury","Not At Intersection","No","No","Pedestrian",1,"WITHERSPOON ST","NULL",NA,"","11091241",0.6,"Municipal","Straight and Level","Blacktop","Dry","Daylight","Overcast","None","None",100,"Foot","North","HENRY AVENUE","NULL","","NULL",25,25,0,0,"No","","101",446610.642002,555336.932162,NA,"DVRPC",1,"Moderate Injury",12044383,40.3576366,-74.663194
4034046,"2012111012-5853","12-5853",2012,"MERCER","Princeton Township","2012-04-18","Wednesday","April","18:11:00",1,"PRINCETON TWP PD","",0,0,1,0,1,"Injury","At Intersection","No","No","Pedestrian",1,"EDGERSTONE ROAD","NULL",NA,"","11101029",0,"Municipal","Straight and Level","Blacktop","Dry","Daylight","Clear","None","None",NA,"At","NULL","US 206","NULL","","NULL",25,35,0,0,"No","","100",442759.679945,548189.769987,NA,"DVRPC",1,"Pain",12071817,40.338289,-74.677049
4034123,"2012111012-9291","12-9291",2012,"MERCER","Princeton Township","2012-06-24","Sunday","June","19:06:00",1,"PRINCETON TWP PD","",0,1,1,0,1,"Injury","At Intersection","No","No","Pedestrian",1,"FRANKLIN AVENUE","NULL",NA,"","11101152",0.07,"Municipal","Straight and Level","Blacktop","Dry","Daylight","Clear","None","None",NA,"At","NULL","GROVER AVENUE","NULL","","NULL",25,25,0,0,"No","PEDESTRIAN 1'S SKATEBOARD BROKEN IN HALF.","101",451747.530079,556568.999947,NA,"DVRPC",1,"Incapacitating Injury",12123639,40.3613298,-74.6449153
4034147,"201211102012-02075","2012-02075",2012,"MERCER","Princeton Township","2012-02-10","Friday","February","21:48:00",1,"PRINCETON TWP PD","",0,0,0,0,0,"Property Damage","At Intersection","No","No","Pedestrian",1,"BIRCH AVENUE","NULL",NA,"","11101160",0.25,"Municipal","Straight and Level","Blacktop","Wet","Dark (Street Lights On/ continuous)","Overcast","None","None",NA,"At","NULL","JOHN STREET","NULL","","NULL",25,25,0,0,"No","NONE","92",446095.500045,554899.120085,NA,"DVRPC",1,"PDO",12023770,40.356724,-74.66517
4034158,"201211102012-06735","2012-06735",2012,"MERCER","Princeton Township","2012-05-06","Sunday","May","09:41:00",1,"PRINCETON TWP PD","",0,0,1,0,1,"Injury","At Intersection","No","No","Pedestrian",1,"DUFFY PLACE","NULL",NA,"","",NA,"Municipal","Curve and Level","Blacktop","Dry","Daylight","Clear","None","None",NA,"At","NULL","STATE ROAD","NULL","","NULL",NA,40,0,0,"No","","80",NA,NA,NA,"DVRPC",1,"Pain",12080976,40.3900388,-74.6551861
4034243,"2012111112000063","12000063",2012,"MERCER","Trenton City","2012-01-02","Monday","January","17:47:00",1,"TRENTON PD","WEST PATROL",0,0,1,0,1,"Injury","Not At Intersection","Yes","No","Pedestrian",1,"110 SANHICAN DR","NULL",NA,"","",NA,"Private Property","Straight and Level","Blacktop","Dry","Dark (Street Lights On/ continuous)","Clear","None","None",NA,"NULL","NULL","","NULL","","NULL",NA,NA,0,0,"No","","517",NA,NA,NA,"DVRPC",1,"Pain",12027993,40.2381617,-74.8034526
4034247,"2012111112000075","12000075",2012,"MERCER","Trenton City","2012-01-03","Tuesday","January","08:22:00",1,"TRENTON PD","NORTH",0,0,1,0,1,"Injury","At Intersection","No","No","Pedestrian",1,"NJ 31","North",31,"","00000031",0.28,"Municipal","Straight and Level","Blacktop","Dry","Daylight","Clear","None","None",NA,"At","NULL","CR 653 / CALHOUN ST","NULL","","NULL",25,25,0,0,"No","","389",417154.17,508462.02,NA,"DVRPC",1,"Pain",12001955,40.2290447,-74.768528
4034260,"2012111112000137","12000137",2012,"MERCER","Trenton City","2012-01-05","Thursday","January","06:25:00",1,"TRENTON PD","PATROL/EAST",0,0,1,0,1,"Injury","Not At Intersection","No","No","Pedestrian",1,"WALNUT AVE","NULL",NA,"","11111541",0.5,"Municipal","Straight and Level","Blacktop","Dry","Dawn","Clear","None","None",50,"Foot","North","NJ 33","NULL","","NULL",NA,25,0,0,"No","","555",421476.52,504131.19,NA,"DVRPC",1,"Pain",12028018,40.2171722,-74.7529638
4034320,"2012111112000419","12000419",2012,"MERCER","Trenton City","2012-01-11","Wednesday","January","22:43:00",1,"TRENTON PD","PATROL",0,0,1,0,1,"Injury","At Intersection","No","No","Pedestrian",1,"NJ 129","South",129,"","00000129",1.08,"State Highway","Straight and Level","Blacktop","Wet","Dark (Street Lights On/ continuous)","Rain","Grass Median","None",NA,"At","NULL","CR 650 / LALOR ST","NULL","","NULL",40,25,0,0,"No","","584",421478.30628,497365.674937,NA,"DVRPC",1,"Moderate Injury",12028084,40.198335,-74.7528561
4034334,"2012111112000468","12000468",2012,"MERCER","Trenton City","2012-01-12","Thursday","January","20:12:00",1,"TRENTON PD","EAST",0,0,1,0,1,"Injury","At Intersection","No","No","Pedestrian",1,"MERCER COUNTY 622","North",622,"","11000622",2.14,"County","Straight and Level","Blacktop","Wet","Dark (Street LIghts On/ spot)","Clear","Painted Median","None",NA,"At","NULL","TUTTLE AVE","NULL","","NULL",25,25,0,0,"No","","566",427659.272511,504315.073312,NA,"DVRPC",1,"Pain",12029655,40.217723,-74.7308315
4034335,"2012111112000480","12000480",2012,"MERCER","Trenton City","2012-01-12","Thursday","January","23:47:00",1,"TRENTON PD","SOUTH",0,0,0,0,0,"Property Damage","Not At Intersection","No","No","Pedestrian",1,"CASS ST","East",NA,"","11111527",0.4,"Municipal","Straight and Level","Blacktop","Wet","Dark (Street Lights On/ continuous)","Rain","Painted Median","None",25,"Foot","NULL","HUDSON ST","NULL","","NULL",25,25,0,0,"No","","596",421410.751413,500131.986559,NA,"DVRPC",1,"PDO",12029654,40.2062628,-74.7529339
4034356,"2012111112000547","12000547",2012,"MERCER","Trenton City","2012-01-14","Saturday","January","17:36:00",1,"TRENTON PD","NORTH PATROL",0,0,1,0,1,"Injury","At Intersection","No","No","Pedestrian",1,"MERCER COUNTY 622","North",622,"","11000622",2.98,"County","Straight and Level","Blacktop","Dry","Dark (Street Lights On/ continuous)","Clear","Painted Median","NULL",NA,"At","NULL","WARD AVE","NULL","","NULL",25,25,0,0,"No","","445",425011.92,507824.31,NA,"DVRPC",1,"Pain",12005693,40.2273611,-74.7403529
4034477,"2012111112001221","12001221",2012,"MERCER","Trenton City","2012-01-31","Tuesday","January","18:32:00",1,"TRENTON PD","CIB FATAL UNIT",1,0,0,1,0,"Fatal","At Intersection","No","No","Pedestrian",1,"NJ 129","South",129,"","00000129",2.14,"State Highway","Straight and Level","Blacktop","Dry","Dark (Street Lights On/ continuous)","Clear","Barrier Median","None",NA,"At","NULL","CR 606 / HAMILTON AVE","NULL","","NULL",40,25,0,0,"No","","445",420501.763748,502966.212691,NA,"DVRPC",1,"Fatal Injury",12034425,40.2135629,-74.7563763
4034493,"2012111112001360","12001360",2012,"MERCER","Trenton City","2012-02-03","Friday","February","17:36:00",1,"TRENTON PD","TRAFFIC",0,0,0,0,0,"Property Damage","At Intersection","No","No","Pedestrian",1,"MERCER COUNTY 635","West",635,"","11000635",0.89,"County","Straight and Level","Blacktop","Dry","Dark (No Street Lights)","Clear","None","None",NA,"At","NULL","N WALTER AVE","NULL","","NULL",25,25,0,0,"No","","565",424975.237941,507411.517961,NA,"DVRPC",1,"PDO",12034154,40.226242,-74.740477
4034521,"2012111112001443","12001443",2012,"MERCER","Trenton City","2012-02-06","Monday","February","07:49:00",1,"TRENTON PD","TRAFFIC",0,1,1,0,1,"Injury","At Intersection","No","No","Pedestrian",1,"MARTIN LUTHER KING JR","NULL",NA,"","00000206",43.63,"Municipal","Straight and Grade","Blacktop","Dry","Daylight","Clear","None","None",NA,"At","NULL","SOUTHARD ST","NULL","","NULL",25,25,0,0,"No","","414",419861.061005,508651.789358,NA,"DVRPC",1,"Incapacitating Injury",12034125,40.232128,-74.760626
4034582,"2012111112001798","12001798",2012,"MERCER","Trenton City","2012-02-15","Wednesday","February","20:56:00",1,"TRENTON PD","EAST PATROL",0,0,1,0,1,"Injury","At Intersection","No","No","Pedestrian",1,"ROEBLING AVE","East",NA,"","11111538",0.05,"Municipal","Straight and Level","Blacktop","Dry","Dark (Street Lights On/ continuous)","Clear","Painted Median","None",NA,"At","NULL","FRANKLIN ST","NULL","","NULL",25,25,0,0,"No","","595",424930.294356,502397.734101,NA,"DVRPC",1,"Pain",12033662,40.212481,-74.740576
4034623,"2012111112001985","12001985",2012,"MERCER","Trenton City","2012-02-19","Sunday","February","18:23:00",1,"TRENTON PD","PATROL/SOUTH",0,0,0,0,0,"Property Damage","At Intersection","No","No","Same Direction - Side Swipe",1,"GENESEE ST","South",NA,"","11031471",1.13,"Municipal","Straight and Level","Blacktop","Dry","Dark (Street Lights On/ continuous)","Clear","None","None",NA,"At","NULL","LIBERTY ST","NULL","","NULL",25,25,0,0,"No","","463",424594.988566,499500.049528,NA,"DVRPC",2,"PDO",12033568,40.2046154,-74.7419807
4034626,"2012111112002005","12002005",2012,"MERCER","Trenton City","2012-02-20","Monday","February","12:11:00",1,"TRENTON PD","PATROL",0,0,0,0,0,"Property Damage","Not At Intersection","No","No","Backing",1,"635 S CLINTON AVE","South",NA,"","",NA,"Private Property","Straight and Level","Blacktop","Dry","Daylight","Clear","None","None",300,"Foot","South","ELMER ST","NULL","","NULL",15,15,0,0,"No","","453",NA,NA,NA,"DVRPC",1,"PDO",12033565,40.211877,-74.753078