"ID","DOT_WEB_ID","CASE_NUMBER","CRASH_YEAR","COUNTY","MUNICIPALITY","CRASH_DATE","CRASH_DAY_OF_WEEK","CRASH_MONTH","CRASH_TIME","POLICE_DEPT_CODE","POLICE_DEPARTMENT","POLICE_STATION","TOTAL_KILLED","TOTAL_INCAPACITATED","TOTAL_INJURED","PEDESTRIANS_KILLED","PEDESTRIANS_INJURED","SEVERITY","INTERSECTION","ALCOHOL_INVOLVED","HAZMAT_INVOLVED","CRASH_TYPE","TOTAL_VEHICLES_INVOLVED","CRASH_LOCATION","LOCATION_DIRECTION","ROUTE","ROUTE_SUFFIX","SRI","MILEPOST","ROAD_SYSTEM","ROAD_CHARACTER","ROAD_SURFACE_TYPE","SURFACE_CONDITION","LIGHT_CONDITION","ENVIRONMENTAL_CONDITION","ROAD_DIVIDED_BY","TEMP_TRAFFIC_CONTROL_ZONE","DISTANCE_TO_CROSS_STREET","UNIT_OF_MEASUREMENT","DIRECTION_FROM_CROSS_STREET","CROSS_STREET_NAME","IS_RAMP","RAMP_TO_FROM_ROUTE_NAME","RAMP_TO_FROM_ROUTE_DIRECTION","POSTED_SPEED","POSTED_SPEED_CROSS_STREET","LATITUDE","LONGITUDE","CELL_PHONE_IN_USE","OTHER_PROPERTY_DAMAGE","REPORTING_BADGE_NO","X","Y","CRASH_NARRATIVE","MPO","TOTAL_PEDESTRIANS_INVOLVED","EPDO","DLN","LatitudeGeocoded","LongitudeGeocoded"
4034720,"2012111112002586","12002586",2012,"MERCER","Trenton City","2012-03-05","Monday","March","08:28:00",1,"TRENTON PD","PATROL SOUTH",0,0,1,0,1,"Injury","At Intersection","No","No","Pedestrian",1,"ELMER ST","East",NA,"","11111142",0.32,"Municipal","Straight and Level","Blacktop","Dry","Daylight","Clear","None","None",NA,"At","NULL","S CLINTON AVE","NULL","","NULL",25,25,0,0,"No","","164",421446.670077,502193.429893,NA,"DVRPC",1,"Pain",12038170,40.211877,-74.753078
4034733,"2012111112002801","12002801",2012,"MERCER","Trenton City","2012-03-10","Saturday","March","20:32:00",1,"TRENTON PD","EAST",0,0,1,0,1,"Injury","At Intersection","No","No","Pedestrian",1,"MERCER COUNTY 606","East",606,"","11000606",0.61,"County","Straight and Level","Blacktop","Dry","Dark (Street Lights On/ continuous)","Clear","Painted Median","None",NA,"At","NULL","CHESTNUT AVE","NULL","","NULL",25,25,0,0,"No","","596",422847.768253,503583.164569,NA,"DVRPC",1,"Pain",12044834,40.210748,-74.7460569
4034745,"2012111112002842","12002842",2012,"MERCER","Trenton City","2012-03-12","Monday","March","07:54:00",1,"TRENTON PD","NORTH",0,0,1,0,1,"Injury","Not At Intersection","No","No","Pedestrian",1,"ELIZABETH ST","West",NA,"","11111074",0.046,"Municipal","Straight and Level","Blacktop","Dry","Daylight","Clear","None","None",20,"Foot","East","EWING STREET","NULL","","NULL",25,25,0,0,"No","","053",420726.003999,506000.242909,NA,"DVRPC",1,"Pain",12044822,40.22243,-74.75608
4034779,"2012111112003021","12003021",2012,"MERCER","Trenton City","2012-03-15","Thursday","March","23:48:00",1,"TRENTON PD","EAST",0,0,1,0,1,"Injury","Not At Intersection","No","No","Pedestrian",1,"MERCER COUNTY 606","West",606,"","11000606",0.37,"County","Straight and Level","Blacktop","Dry","Dark (Street Lights On/ continuous)","Clear","Painted Median","None",100,"Foot","South","HUDSON ST","NULL","","NULL",25,25,0,0,"No","","541",421637.81669,503178.850008,NA,"DVRPC",1,"Pain",12044846,40.2146721,-74.7520491
4034809,"2012111112003179","12003179",2012,"MERCER","Trenton City","2012-03-19","Monday","March","18:25:00",1,"TRENTON PD","PATROL",0,0,1,0,1,"Injury","At Intersection","No","No","Pedalcyclist",1,"US 206","North",206,"","00000206",42.34,"Municipal","Straight at Hillcrest","Blacktop","Dry","Daylight","Clear","None","NULL",NA,"At","NULL","CENTRE ST / GREENWOOD AVE","NULL","","NULL",25,25,0,0,"No","","575",419472.318776,502950.552318,NA,"DVRPC",1,"Pain",12044716,40.213986,-74.7606126
4034855,"2012111112003415","12003415",2012,"MERCER","Trenton City","2012-03-24","Saturday","March","23:05:00",1,"TRENTON PD","EAST PRECINCT",0,0,0,0,0,"Property Damage","At Intersection","No","No","Pedestrian",1,"MERCER COUNTY 606","NULL",606,"","11000606",0.61,"County","Straight and Level","Blacktop","Wet","Dark (Street Lights On/ continuous)","Rain","Painted Median","None",NA,"At","NULL","CHESTNUT AVE","NULL","","NULL",25,25,0,0,"No","","585",422847.768253,503583.164569,NA,"DVRPC",1,"PDO",12057484,40.210748,-74.7460569
4034877,"2012111112003520","12003520",2012,"MERCER","Trenton City","2012-03-27","Tuesday","March","19:00:00",1,"TRENTON PD","PATROL",0,0,0,0,0,"Property Damage","Not At Intersection","No","No","Pedestrian",1,"NJ 33","North",33,"","00000033",1.02,"Municipal","Straight and Level","Blacktop","Dry","Dusk","Clear","None","None",NA,"NULL","NULL","S COOK AVE","NULL","","NULL",25,25,0,0,"No","","583",424942.448017,505953.461849,NA,"DVRPC",1,"PDO",12057505,40.2221844,-74.740676
4034938,"2012111112003790","12003790",2012,"MERCER","Trenton City","2012-04-03","Tuesday","April","16:03:00",1,"TRENTON PD","NORTH DISTRICT",0,0,0,0,0,"Property Damage","Not At Intersection","No","No","Pedestrian",1,"MERCER COUNTY 635","West",635,"","11000635",0.93,"County","Straight and Level","Blacktop","Dry","Daylight","Clear","None","None",75,"Foot","West","CR 622 / N OLDEN AVE / S OLDEN AVE","NULL","","NULL",25,25,0,0,"No","","575",425160.97,507535.8,NA,"DVRPC",1,"PDO",12056892,40.2266724,-74.7396627
4035019,"2012111112004236","12004236",2012,"MERCER","Trenton City","2012-04-15","Sunday","April","15:43:00",1,"TRENTON PD","EAST",0,0,0,0,0,"Property Damage","Not At Intersection","No","No","Pedestrian",1,"YARD AVE","West",NA,"","",NA,"Municipal","Straight and Level","Blacktop","Dry","Daylight","Clear","None","None",100,"Foot","NULL","S CLINTON AVE","NULL","","NULL",10,25,0,0,"No","","398",NA,NA,NA,"DVRPC",1,"PDO",12079938,40.2199567,-74.7551997
4035031,"2012111112004287","12004287",2012,"MERCER","Trenton City","2012-04-16","Monday","April","18:25:00",1,"TRENTON PD","PATROL",0,0,0,0,0,"Property Damage","At Intersection","No","No","Pedestrian",1,"BERNARD ST","East",NA,"","11111373",0.07,"Municipal","Straight and Level","Blacktop","Dry","Daylight","Clear","None","None",NA,"At","NULL","NELSON STREET","NULL","","NULL",25,5,0,0,"No","","342",416143.068965,507911.113932,NA,"DVRPC",1,"PDO",12079926,40.2275363,-74.7721822
4035043,"2012111112004350","12004350",2012,"MERCER","Trenton City","2012-04-18","Wednesday","April","13:47:00",1,"TRENTON PD","PATROL",0,0,0,0,0,"Property Damage","At Intersection","No","No","Pedestrian",1,"JACKSON ST","West",NA,"","11111734",0,"Municipal","Straight and Level","Blacktop","Dry","Daylight","Clear","None","None",NA,"At","NULL","GREENWOOD AVE","NULL","","NULL",25,25,0,0,"No","","597",419704.750005,503263.579983,NA,"DVRPC",1,"PDO",12079976,40.2148085,-74.7593164
4035262,"2012111112005661","12005661",2012,"MERCER","Trenton City","2012-05-19","Saturday","May","09:30:00",1,"TRENTON PD","SOUTH",0,0,1,0,1,"Injury","Not At Intersection","No","No","Pedestrian",1,"E STATER ST","NULL",NA,"","",NA,"Municipal","Straight and Grade","Blacktop","Dry","Daylight","Clear","None","NULL",NA,"NULL","NULL","S BROAD ST","NULL","","NULL",NA,NA,0,0,"No","STUCCO FACADE SECURITY GATE OF","575",NA,NA,NA,"DVRPC",1,"Moderate Injury",12096444,40.2201338,-74.7642089
4035265,"2012111112005675","12005675",2012,"MERCER","Trenton City","2012-05-19","Saturday","May","20:05:00",1,"TRENTON PD","WEST",0,0,1,0,1,"Injury","Not At Intersection","No","No","Pedestrian",1,"RUTHERFORD AVE","East",NA,"","11111286",0.038,"Municipal","Straight and Level","Blacktop","Dry","Daylight","Clear","None","NULL",200,"Foot","East","ELMHURST AVE","NULL","","NULL",25,25,0,0,"No","","445",413101.478523,510331.94146,NA,"DVRPC",1,"Pain",12096439,40.234367,-74.783714
4035316,"2012111112006020","12006020",2012,"MERCER","Trenton City","2012-05-27","Sunday","May","12:17:00",1,"TRENTON PD","PATROL",0,0,0,0,0,"Property Damage","Not At Intersection","No","No","Same Direction - Rear End",2,"WALNUT AVE","East",NA,"","11111541",0.5,"Municipal","Curve and Level","Blacktop","Wet","Daylight","Rain","None","None",NA,"NULL","NULL","NJ 33","NULL","","NULL",25,25,0,0,"No","","453",421476.52,504131.19,NA,"DVRPC",1,"PDO",12100156,40.2171722,-74.7529638
4035338,"2012111112006105","12006105",2012,"MERCER","Trenton City","2012-05-29","Tuesday","May","15:18:00",1,"TRENTON PD","EAST",0,0,1,0,1,"Injury","At Intersection","No","No","Pedestrian",1,"MERCER COUNTY 606","East",606,"","11000606",1.47,"County","Straight and Level","Blacktop","Dry","Daylight","Clear","None","None",NA,"At","NULL","CR 622 / S OLDEN AVE","NULL","","NULL",25,25,0,0,"No","","446",427177.123246,505052.277287,NA,"DVRPC",1,"Pain",12100134,40.2266724,-74.7396627
4035347,"2012111112006517","12006517",2012,"MERCER","Trenton City","2012-06-08","Friday","June","02:19:00",1,"TRENTON PD","EAST",0,0,1,0,1,"Injury","Not At Intersection","No","No","Pedestrian",1,"800 GREENWOOD AVE","NULL",NA,"","",NA,"Private Property","Straight and Level","Blacktop","Dry","Dark (Street Lights On/ continuous)","Clear","None","None",NA,"NULL","NULL","","NULL","","NULL",NA,NA,0,0,"No","","499",NA,NA,NA,"DVRPC",2,"Pain",12110610,40.2204312,-74.7449048
4035354,"2012111112006540","12006540",2012,"MERCER","Trenton City","2012-06-08","Friday","June","17:41:00",1,"TRENTON PD","PATROL",0,0,1,0,1,"Injury","At Intersection","No","No","Pedestrian",1,"N BROAD ST","North",NA,"","00000206",42.88,"Municipal","Straight and Level","Concrete","Dry","Daylight","Clear","Painted Median","None",NA,"At","NULL","HANOVER ST","NULL","","NULL",25,NA,0,0,"No","","423",418341.886514,505426.083212,NA,"DVRPC",1,"Pain",12110602,40.2209771,-74.7642482
4035390,"2012111112006781","12006781",2012,"MERCER","Trenton City","2012-06-14","Thursday","June","12:49:00",1,"TRENTON PD","WEST",0,0,1,0,1,"Injury","Not At Intersection","No","No","Pedestrian",1,"OAKLAND ST","East",NA,"","11111565",0.849,"Municipal","Straight and Level","Blacktop","Dry","Daylight","Clear","None","None",50,"Foot","East","ALDEN AVE","NULL","","NULL",25,25,0,0,"No","","413",415823.580332,510296.016916,NA,"DVRPC",1,"Pain",12110563,40.234149,-74.773534
4035415,"2012111112006903","12006903",2012,"MERCER","Trenton City","2012-06-17","Sunday","June","17:17:00",1,"TRENTON PD","PATROL",0,0,1,0,1,"Injury","Not At Intersection","No","No","Pedestrian",1,"MCKINLEY AVE","NULL",NA,"","11111187",0.046,"Municipal","Straight and Level","Blacktop","Dry","Daylight","Clear","None","None",125,"Foot","East","N ANDERSON ST","NULL","","NULL",25,25,0,0,"No","","295",423646.222194,504678.234315,NA,"DVRPC",1,"Pain",12127614,40.218508,-74.745764
4035481,"2012111112007226","12007226",2012,"MERCER","Trenton City","2012-06-25","Monday","June","17:29:00",1,"TRENTON PD","PATROL",0,0,1,0,1,"Injury","At Intersection","No","No","Pedestrian",1,"S CLINTON AVE","NULL",NA,"","",NA,"Municipal","Straight and Level","Blacktop","Dry","Daylight","Clear","None","None",NA,"At","NULL","RAOUL WALLENBERG BLVD","NULL","","NULL",25,25,0,0,"No","","295",NA,NA,NA,"DVRPC",1,"Pain",12123031,40.2189119,-74.7550056
4035494,"2012111112007307","12007307",2012,"MERCER","Trenton City","2012-06-27","Wednesday","June","16:43:00",1,"TRENTON PD","PATROL",0,0,0,0,0,"Property Damage","Not At Intersection","No","No","Pedestrian",1,"MERCER COUNTY 636","NULL",636,"","11000636",0.62,"County","Straight and Level","Blacktop","Dry","Daylight","Clear","None","None",15,"Foot","East","READING AVE","NULL","","NULL",25,25,0,0,"No","","135",412861.84,512141.54,NA,"DVRPC",1,"PDO",12123018,40.239097,-74.783947
4035512,"2012111112007395","12007395",2012,"MERCER","Trenton City","2012-06-29","Friday","June","21:07:00",1,"TRENTON PD","NORTH",0,0,1,0,1,"Injury","Not At Intersection","No","No","Pedestrian",1,"MARTIN LUTHER KING JR","East",NA,"","00000206Z",43.725,"Municipal","Straight and Level","Blacktop","Dry","Dark (Street Lights On/ continuous)","Clear","None","None",500,"Foot","East","SOUTHARD ST","NULL","","NULL",25,25,0,0,"No","","541",419013.04304,509130.90921,NA,"DVRPC",1,"Moderate Injury",12130078,40.232128,-74.760626
4035515,"2012111112007425","12007425",2012,"MERCER","Trenton City","2012-06-30","Saturday","June","19:57:00",1,"TRENTON PD","EAST",0,0,0,0,0,"Property Damage","At Intersection","No","No","Pedestrian",1,"S CLINTON AVE","North",NA,"","11031969",2.5,"Municipal","Straight and Level","Blacktop","Dry","Daylight","Clear","None","None",NA,"At","NULL","CHESTNUT AVE","NULL","","NULL",25,25,0,0,"No","","574",423518.97375,500393.705,NA,"DVRPC",1,"PDO",12130075,40.2068948,-74.7455096
4035610,"2012111112007933","12007933",2012,"MERCER","Trenton City","2012-07-11","Wednesday","July","21:14:00",1,"TRENTON PD","PATROL",0,0,1,0,1,"Injury","Not At Intersection","No","No","Pedestrian",1,"MERCER COUNTY 606","NULL",606,"","11000606",0,"County","Straight and Level","Blacktop","Dry","Dark (Street Lights On/ continuous)","Clear","Painted Median","NULL",NA,"NULL","NULL","US 206 / S BROAD ST","NULL","","NULL",NA,NA,0,0,"No","","575",419781.26,502556.92,NA,"DVRPC",1,"Pain",12131625,40.2201338,-74.7642089
4035614,"2012111112007963","12007963",2012,"MERCER","Trenton City","2012-07-12","Thursday","July","13:46:00",1,"TRENTON PD","TRAFFIC",0,0,1,0,1,"Injury","At Intersection","No","No","Pedalcyclist",1,"PASSAIC ST","East",NA,"","11111383",0.45,"Municipal","Straight and Level","Blacktop","Dry","Daylight","Clear","None","None",NA,"At","NULL","CALHOUN ST","NULL","","NULL",25,25,0,0,"No","","565",415737.226198,506723.492799,NA,"DVRPC",1,"Pain",12131621,40.2241677,-74.7732498
4035616,"2012111112007971","12007971",2012,"MERCER","Trenton City","2012-07-12","Thursday","July","17:18:00",1,"TRENTON PD","PATROL",0,0,1,0,1,"Injury","At Intersection","No","No","Struck Parked Vehicle",2,"TYLER ST","NULL",NA,"","11111145",0.09,"Municipal","Straight and Level","Blacktop","Dry","Daylight","Clear","Painted Median","None",NA,"At","NULL","S CLINTON AVE","NULL","","NULL",NA,NA,0,0,"No","","575",421075.547644,503573.857501,NA,"DVRPC",1,"Moderate Injury",12131619,40.2156708,-74.7543694
4035621,"2012111112008033","12008033",2012,"MERCER","Trenton City","2012-07-13","Friday","July","21:17:00",1,"TRENTON PD","PATROL",0,0,0,0,0,"Property Damage","At Intersection","No","No","Pedestrian",1,"MERCER COUNTY 606","NULL",606,"","11000606",0.28,"County","Straight and Level","Blacktop","Dry","Dark (Street Lights On/ continuous)","Clear","None","NULL",NA,"At","NULL","S CLINTON AVE","NULL","","NULL",25,25,0,0,"No","","529",421182.158925,503027.772164,NA,"DVRPC",1,"PDO",12140251,40.211719,-74.7527549
4035635,"2012111112008109","12008109",2012,"MERCER","Trenton City","2012-07-15","Sunday","July","23:10:00",1,"TRENTON PD","PATROL",0,0,1,0,1,"Injury","At Intersection","No","No","Pedestrian",1,"CASS ST","West",NA,"","11111527",0.58,"Municipal","Straight and Level","Blacktop","Wet","Dark (Street Lights On/ continuous)","Rain","Painted Median","None",NA,"At","NULL","S BROAD ST","NULL","","NULL",25,25,0,0,"No","","585",422409.89,500350.65,NA,"DVRPC",1,"Pain",12140309,40.2068689,-74.7496981
4035641,"2012111112008147","12008147",2012,"MERCER","Trenton City","2012-07-16","Monday","July","17:15:00",1,"TRENTON PD","NORTH",0,0,0,0,0,"Property Damage","Not At Intersection","No","No","Pedestrian",1,"W HANOVER ST","West",NA,"","11111553",0.35,"Municipal","Straight and Level","Blacktop","Dry","Daylight","Clear","None","None",200,"Foot","East","CRV653","NULL","","NULL",25,25,0,0,"No","195 W HANOVER ST","463",415764.716812,506345.912642,NA,"DVRPC",1,"PDO",12140303,40.2264959,-74.7780829
4035678,"2012111112008314","12008314",2012,"MERCER","Trenton City","2012-07-20","Friday","July","23:25:00",1,"TRENTON PD","SOUTH",0,0,1,0,1,"Injury","Not At Intersection","No","No","Pedestrian",1,"US 206","South",206,"","00000206",NA,"State Highway","Straight and Level","Blacktop","Dry","Dark (Street Lights On/ continuous)","Clear","None","None",100,"Foot","North","HARDING ST","NULL","","NULL",25,25,0,0,"No","","597",NA,NA,NA,"DVRPC",1,"Pain",12146836,40.204499,-74.744033
4035686,"2012111112008383","12008383",2012,"MERCER","Trenton City","2012-07-22","Sunday","July","07:43:00",1,"TRENTON PD","",0,0,1,0,1,"Injury","Not At Intersection","No","No","Pedestrian",1,"ROEBLING AVE","South",NA,"","11111538",0.29,"Municipal","Straight and Level","Blacktop","Dry","Daylight","Clear","None","None",100,"Foot","NULL","DIVISION ST","NULL","","NULL",25,NA,0,0,"No","","575",423730.012901,501972.15287,NA,"DVRPC",1,"Moderate Injury",12146828,40.211303,-74.744843
4035740,"2012111112008965","12008965",2012,"MERCER","Trenton City","2012-08-04","Saturday","August","23:32:00",1,"TRENTON PD","NORTH",0,0,1,0,1,"Injury","At Intersection","No","No","Pedestrian",1,"US 206 Z","East",206,"Z","00000206Z",44.2,"Municipal","NULL","NULL","NULL","NULL","NULL","NULL","NULL",NA,"At","NULL","MILLER AVE","NULL","","NULL",25,25,0,0,"No","","581",420581.925335,511133.802064,NA,"DVRPC",1,"Pain",12157557,40.2368806,-74.7557915
4035762,"2012111112009139","12009139",2012,"MERCER","Trenton City","2012-08-09","Thursday","August","11:35:00",1,"TRENTON PD","EAST",0,0,1,0,1,"Injury","At Intersection","No","No","Pedestrian",1,"NJ 33","NULL",33,"","00000033",0.48,"Municipal","Straight and Level","Blacktop","Dry","Daylight","Clear","None","None",NA,"At","NULL","CHESTNUT AVE","NULL","","NULL",25,25,0,0,"No","","137",422479.047446,504521.538723,NA,"DVRPC",1,"Moderate Injury",12157529,40.2182635,-74.749463
4035773,"2012111112009387","12009387",2012,"MERCER","Trenton City","2012-08-15","Wednesday","August","22:44:00",1,"TRENTON PD","PATROL",0,0,1,0,1,"Injury","Not At Intersection","No","No","Pedestrian",1,"US 206","South",206,"","00000206",NA,"State Highway","Straight and Level","Blacktop","Dry","Dark (Street Lights On/ continuous)","Clear","Painted Median","None",100,"Foot","NULL","CHESTNUT AVE","NULL","","NULL",25,25,0,0,"Yes","","554",NA,NA,NA,"DVRPC",1,"Pain",12165353,40.205491,-74.746407
4035864,"2012111112009923","12009923",2012,"MERCER","Trenton City","2012-08-28","Tuesday","August","22:03:00",1,"TRENTON PD","NORTH",0,0,1,0,1,"Injury","Not At Intersection","No","No","Pedestrian",1,"SOUTHARD ST","South",NA,"","11111558",0.76,"Municipal","Straight and Level","Blacktop","Dry","Dusk","Clear","None","None",NA,"NULL","NULL","CR 653","NULL","","NULL",15,25,0,0,"No","","581",418530.89,510226.65,NA,"DVRPC",1,"Pain",12171876,40.2301234,-74.7587494
4035881,"2012111112010035","12010035",2012,"MERCER","Trenton City","2012-08-31","Friday","August","16:57:00",1,"TRENTON PD","EAST",0,0,0,0,0,"Property Damage","At Intersection","No","No","Pedestrian",1,"NJ 33","East",33,"","00000033",NA,"State Highway","Straight and Level","Blacktop","Dry","Daylight","Clear","None","None",NA,"At","NULL","S LOGAN AVE","NULL","","NULL",25,25,0,0,"No","","446",NA,NA,NA,"DVRPC",1,"PDO",12178567,40.225518,-74.734098
4035899,"2012111112010105","12010105",2012,"MERCER","Trenton City","2012-09-02","Sunday","September","23:07:00",1,"TRENTON PD","PATROL",0,0,0,0,0,"Property Damage","At Intersection","No","No","Pedalcyclist",1,"E STATE ST","West",NA,"","11000635",0.88,"Municipal","Straight and Level","Blacktop","Dry","Dark (Street Lights On/ continuous)","Clear","Painted Median","None",NA,"At","NULL","S WALTER AVE","NULL","","NULL",25,25,0,0,"No","","445",424933.440773,507383.839248,NA,"DVRPC",1,"PDO",12178542,40.226167,-74.740614
4035983,"2012111112010611","12010611",2012,"MERCER","Trenton City","2012-09-15","Saturday","September","17:44:00",1,"TRENTON PD","EAST",0,0,0,0,0,"Property Damage","Not At Intersection","No","No","Pedestrian",2,"1218 S CLINTON AVE","East",NA,"","",NA,"Private Property","Straight and Level","Blacktop","Dry","Daylight","Clear","None","None",NA,"NULL","NULL","","NULL","","NULL",NA,NA,0,0,"No","","575",NA,NA,NA,"DVRPC",1,"PDO",12193861,40.206206,-74.743235
4036025,"2012111112010842","12010842",2012,"MERCER","Trenton City","2012-09-21","Friday","September","07:57:00",1,"TRENTON PD","PATROL",0,0,1,0,1,"Injury","Not At Intersection","No","No","Pedalcyclist",1,"MERCER COUNTY 636","West",636,"","11000636",0.35,"County","Straight and Grade","Blacktop","Dry","Daylight","NULL","None","None",50,"Foot","NULL","WHITTIER AVE","NULL","","NULL",25,25,0,0,"No","","414",412093.954971,511001.149984,NA,"DVRPC",1,"Moderate Injury",12194207,40.2359962,-74.7866623
4036037,"2012111112010924","12010924",2012,"MERCER","Trenton City","2012-09-22","Saturday","September","23:24:00",1,"TRENTON PD","EAST",0,0,1,0,1,"Injury","Not At Intersection","No","No","Pedestrian",1,"E STATE ST","East",NA,"","11000635",0.46,"Municipal","Straight and Level","Blacktop","Wet","Dark (Street Lights On/ continuous)","Overcast","None","None",NA,"NULL","NULL","CHAMBERS ST","NULL","","NULL",25,25,0,0,"No","","581",423088.516328,506167.738091,NA,"DVRPC",1,"Pain",12194208,40.222786,-74.747266
4036067,"2012111112011221","12011221",2012,"MERCER","Trenton City","2012-09-29","Saturday","September","17:16:00",1,"TRENTON PD","EAST-PATROL",0,0,1,0,1,"Injury","Not At Intersection","No","No","Pedestrian",1,"MERCER COUNTY 606","West",606,"","11000606",0.37,"County","Straight and Level","Blacktop","Dry","Daylight","Clear","Painted Median","None",100,"Foot","West","HUDSON ST","NULL","","NULL",25,25,0,0,"No","","465",421637.81669,503178.850008,NA,"DVRPC",1,"Pain",12210306,40.2146721,-74.7520491
4036116,"2012111112012130","12012130",2012,"MERCER","Trenton City","2012-10-19","Friday","October","19:33:00",1,"TRENTON PD","SOUTH",0,0,1,0,1,"Injury","At Intersection","No","No","Pedestrian",1,"US 206","NULL",206,"","00000206",NA,"State Highway","Curve and Level","Blacktop","Dry","Dark (Street Lights On/ continuous)","Clear","Painted Median","None",NA,"At","NULL","THIRD ST","NULL","","NULL",25,25,0,0,"No","","566",NA,NA,NA,"DVRPC",1,"Pain",12218315,40.209854,-74.7557655
4036150,"2012111112012674","12012674",2012,"MERCER","Trenton City","2012-11-01","Thursday","November","17:05:00",1,"TRENTON PD","PATROL",0,0,1,0,1,"Injury","At Intersection","No","No","Pedalcyclist",1,"US 206","South",206,"","00000206",42.48,"Municipal","Straight at Hillcrest","Blacktop","Dry","Daylight","Overcast","Painted Median","None",NA,"At","NULL","MARKET ST","NULL","","NULL",25,25,0,0,"No","","575",419016.162079,503531.21437,NA,"DVRPC",1,"Pain",12233741,40.2157635,-74.7620464
4036153,"2012111112012684","12012684",2012,"MERCER","Trenton City","2012-11-02","Friday","November","00:00:00",1,"TRENTON PD","SOUTH",0,0,1,0,1,"Injury","At Intersection","No","No","Pedestrian",1,"US 206","South",206,"","00000206",NA,"State Highway","Straight and Level","Blacktop","Dry","Dark (Street Lights On/ continuous)","Clear","None","Construction Zone",NA,"At","NULL","MARKET ST","NULL","","NULL",25,25,0,0,"No","","581",NA,NA,NA,"DVRPC",1,"Moderate Injury",12233737,40.2157635,-74.7620464
4036169,"2012111112012805","12012805",2012,"MERCER","Trenton City","2012-11-05","Monday","November","17:45:00",1,"TRENTON PD","PATROL",0,0,1,0,1,"Injury","Not At Intersection","No","No","Pedestrian",1,"HAMPTON AVE","East",NA,"","11111141",0.009,"Municipal","Straight and Level","Blacktop","Dry","Dark (Street Lights On/ continuous)","Clear","None","None",50,"Foot","East","GREENWOOD AVE","NULL","","NULL",25,25,0,0,"No","","626",424275.510701,505567.821512,NA,"DVRPC",1,"Pain",12233718,40.2210475,-74.7428693
4036195,"2012111112013059","12013059",2012,"MERCER","Trenton City","2012-11-11","Sunday","November","17:25:00",1,"TRENTON PD","EAST",0,0,1,0,1,"Injury","At Intersection","No","No","Pedestrian",1,"S CLINTON AVE","NULL",NA,"","",NA,"Municipal","Straight and Level","Blacktop","Dry","Dark (Street Lights On/ continuous)","Clear","Painted Median","None",NA,"At","NULL","RAOUL WALLENBERG BLVD","NULL","","NULL",25,25,0,0,"No","","595",NA,NA,NA,"DVRPC",1,"Pain",12232849,40.2189119,-74.7550056
4036205,"2012111112013168","12013168",2012,"MERCER","Trenton City","2012-11-14","Wednesday","November","08:29:00",1,"TRENTON PD","CITY OF TRENTON",0,0,1,0,1,"Injury","At Intersection","No","No","Pedestrian",1,"MERCER COUNTY 622","NULL",622,"","11000622",3.73,"County","Straight and Level","Blacktop","Dry","Daylight","Clear","None","None",NA,"At","NULL","NEW YORK AVE","NULL","","NULL",25,25,0,0,"No","","463",423045.406625,511160.814088,NA,"DVRPC",1,"Moderate Injury",12232840,40.2364269,-74.7473647
4036258,"2012111112013487","12013487",2012,"MERCER","Trenton City","2012-11-22","Thursday","November","16:05:00",1,"TRENTON PD","WEST",0,0,1,0,1,"Injury","Not At Intersection","No","No","Pedestrian",1,"W STATE ST","North",NA,"","11111552",1.45,"Municipal","Straight and Level","Concrete","Dry","Daylight","Clear","None","None",40,"Foot","NULL","WEST END AVE.","NULL","","NULL",25,NA,0,0,"No","","331",414190.48,507612.21,NA,"DVRPC",1,"Moderate Injury",12244916,40.226637,-74.779082
4036269,"2012111112013532","12013532",2012,"MERCER","Trenton City","2012-11-23","Friday","November","21:21:00",1,"TRENTON PD","SOUTH",0,0,1,0,1,"Injury","At Intersection","No","No","Pedestrian",1,"CASS ST","West",NA,"","",NA,"Municipal","Straight and Level","Blacktop","Dry","Dark (Street Lights On/ continuous)","Overcast","Curbed Median","None",NA,"At","NULL","NJ 129","NULL","","NULL",25,40,0,0,"No","","581",NA,NA,NA,"DVRPC",1,"Moderate Injury",12244903,40.2059759,-74.7546094
4036294,"2012111112013651","12013651",2012,"MERCER","Trenton City","2012-11-27","Tuesday","November","12:02:00",1,"TRENTON PD","PATROL",0,0,1,0,1,"Injury","At Intersection","No","No","Pedestrian",1,"EAST FRONT STREET","NULL",NA,"","11111736",0,"Municipal","Straight and Level","Blacktop","Wet","Daylight","Rain","Painted Median","None",NA,"At","NULL","S.STOCKTON","NULL","","NULL",25,25,0,0,"No","","464",419685.910147,504860.910122,NA,"DVRPC",1,"Pain",12244877,40.219182,-74.7594186