"ID","DOT_WEB_ID","CASE_NUMBER","CRASH_YEAR","COUNTY","MUNICIPALITY","CRASH_DATE","CRASH_DAY_OF_WEEK","CRASH_MONTH","CRASH_TIME","POLICE_DEPT_CODE","POLICE_DEPARTMENT","POLICE_STATION","TOTAL_KILLED","TOTAL_INCAPACITATED","TOTAL_INJURED","PEDESTRIANS_KILLED","PEDESTRIANS_INJURED","SEVERITY","INTERSECTION","ALCOHOL_INVOLVED","HAZMAT_INVOLVED","CRASH_TYPE","TOTAL_VEHICLES_INVOLVED","CRASH_LOCATION","LOCATION_DIRECTION","ROUTE","ROUTE_SUFFIX","SRI","MILEPOST","ROAD_SYSTEM","ROAD_CHARACTER","ROAD_SURFACE_TYPE","SURFACE_CONDITION","LIGHT_CONDITION","ENVIRONMENTAL_CONDITION","ROAD_DIVIDED_BY","TEMP_TRAFFIC_CONTROL_ZONE","DISTANCE_TO_CROSS_STREET","UNIT_OF_MEASUREMENT","DIRECTION_FROM_CROSS_STREET","CROSS_STREET_NAME","IS_RAMP","RAMP_TO_FROM_ROUTE_NAME","RAMP_TO_FROM_ROUTE_DIRECTION","POSTED_SPEED","POSTED_SPEED_CROSS_STREET","LATITUDE","LONGITUDE","CELL_PHONE_IN_USE","OTHER_PROPERTY_DAMAGE","REPORTING_BADGE_NO","X","Y","CRASH_NARRATIVE","MPO","TOTAL_PEDESTRIANS_INVOLVED","EPDO","DLN","LatitudeGeocoded","LongitudeGeocoded"
4316875,"2013111013-00316","13-00316",2013,"MERCER","Princeton Township","2013-01-04","Friday","January","11:52:00",1,"PRINCETON TWP PD","",0,0,1,0,1,"Injury","At Intersection","No","No","Pedestrian",1,"KARL LIGHT BLVD","NULL",NA,"","",NA,"Municipal","Straight and Level","Blacktop","Dry","Daylight","Clear","None","None",NA,"At","NULL","GREENBRIER ROW","NULL","","NULL",25,25,0,0,"No","","35",NA,NA,NA,"DVRPC",1,"Pain",13001702,40.3768438,-74.6504907
4316958,"2013111113-16479","13-16479",2013,"MERCER","Trenton City","2013-04-26","Friday","April","21:03:00",1,"HAMILTON TWP PD (MERCER)","",0,0,1,0,1,"Injury","Not At Intersection","No","No","Pedestrian",1,"MERCER COUNTY 650","East",650,"","11000650",0.54,"County","Straight and Level","Blacktop","Dry","Dark (Street LIghts On/ spot)","Clear","None","None",30,"Foot","East","BUNTING AVE","NULL","","NULL",25,25,0,0,"No","","418",422967.978348,497522.402374,NA,"DVRPC",1,"Pain",13139312,40.1990239,-74.7478697
4316979,"2013111113000042","13000042",2013,"MERCER","Trenton City","2013-01-02","Wednesday","January","08:49:00",1,"TRENTON PD","PATROL",0,0,0,0,0,"Property Damage","Not At Intersection","No","No","Pedestrian",1,"BELLEVUE AVE","East",NA,"","11111560",0.42,"Municipal","Straight and Level","Concrete","Dry","Daylight","Clear","None","None",NA,"NULL","NULL","N HERMITAGE AVE","NULL","","NULL",25,25,0,0,"No","","423",413558.823499,509602.080793,NA,"DVRPC",1,"PDO",13105117,40.232153,-74.781405
4316988,"2013111113000098","13000098",2013,"MERCER","Trenton City","2013-01-03","Thursday","January","10:22:00",1,"TRENTON PD","PATROL",0,0,1,0,1,"Injury","At Intersection","No","No","Pedestrian",1,"CENTER ST","South",NA,"","11111528",0.42,"Municipal","Straight and Level","Blacktop","Dry","Daylight","Clear","None","None",NA,"At","NULL","FEDERAL ST","NULL","","NULL",25,25,0,0,"No","","465",419759.86,500879.86,NA,"DVRPC",1,"Pain",13105109,40.208257,-74.759116
4316999,"2013111113000176","13000176",2013,"MERCER","Trenton City","2013-01-05","Saturday","January","12:34:00",1,"TRENTON PD","PATROL",0,0,1,0,1,"Injury","Not At Intersection","No","No","Pedestrian",1,"WALNUT AVE","North",NA,"","11111133",0.24,"Municipal","Straight and Level","Blacktop","Dry","Daylight","Clear","None","None",NA,"NULL","NULL","HAMPTON AVE","NULL","","NULL",25,NA,0,0,"No","","596",423863.309929,506188.370066,NA,"DVRPC",1,"Pain",13105100,40.222867,-74.74446
4317012,"2013111113000254","13000254",2013,"MERCER","Trenton City","2013-01-07","Monday","January","20:13:00",1,"TRENTON PD","PATROL",0,0,1,0,1,"Injury","At Intersection","No","No","Pedestrian",1,"W STATE ST","South",NA,"","11111552",2.3,"Municipal","Straight and Level","Blacktop","Dry","Dark (Street Lights On/ continuous)","Clear","Painted Median","None",NA,"At","NULL","N WARREN ST","NULL","","NULL",25,25,0,0,"No","","554",417875.93,505275.3,NA,"DVRPC",1,"Pain",13127615,40.2202963,-74.7658958
4317034,"2013111113000336","13000336",2013,"MERCER","Trenton City","2013-01-09","Wednesday","January","17:59:00",1,"TRENTON PD","PATROL",0,0,1,0,1,"Injury","At Intersection","No","No","Pedestrian",1,"NJ 33","NULL",33,"","00000033",NA,"State Highway","Straight and Level","Blacktop","Dry","Dark (Street Lights On/ continuous)","Clear","Painted Median","None",NA,"At","NULL","S CLINTON AVE","NULL","","NULL",NA,NA,0,0,"No","","575",NA,NA,NA,"DVRPC",1,"Pain",13105071,40.2169042,-74.754636
4317041,"2013111113000357","13000357",2013,"MERCER","Trenton City","2013-01-10","Thursday","January","10:11:00",1,"TRENTON PD","NORTH",0,0,1,0,1,"Injury","At Intersection","No","No","Pedestrian",1,"N STOCKTON ST","North",NA,"","11111549",0.16,"Municipal","Straight and Level","Blacktop","Dry","Daylight","Clear","None","None",NA,"At","NULL","E HANOVER ST","NULL","","NULL",25,25,0,0,"No","","053",419547.464996,505674.84502,NA,"DVRPC",1,"Pain",13105065,40.221522,-74.759937
4317046,"2013111113000382","13000382",2013,"MERCER","Trenton City","2013-01-10","Thursday","January","20:44:00",1,"TRENTON PD","PATROL",0,1,1,0,1,"Injury","At Intersection","No","No","Pedestrian",1,"MERCER COUNTY 606","NULL",606,"","11000606",0.14,"County","Straight and Level","Blacktop","Dry","Dark (Street Lights On/ continuous)","Clear","Barrier Median","None",NA,"At","NULL","NJ 129","NULL","","NULL",NA,45,0,0,"No","","575",420487.95,502799.99,NA,"DVRPC",1,"Incapacitating Injury",13125197,40.2135629,-74.7563763
4317058,"2013111113000434","13000434",2013,"MERCER","Trenton City","2013-01-12","Saturday","January","03:40:00",1,"TRENTON PD","NORTH",0,0,0,0,0,"Property Damage","At Intersection","No","No","Pedestrian",1,"POPLAR ST","North",NA,"","11111055",0.13,"Municipal","Straight and Level","Blacktop","Wet","Dark (Street Lights On/ continuous)","Rain","None","None",NA,"At","NULL","N CLINTON AVE","NULL","","NULL",25,25,0,0,"No","","596",422759.19009,508840.849997,NA,"DVRPC",1,"PDO",13105053,40.230133,-74.748441
4317105,"2013111113000687","13000687",2013,"MERCER","Trenton City","2013-01-18","Friday","January","15:53:00",1,"TRENTON PD","NORTH",0,0,0,0,0,"Property Damage","At Intersection","No","No","Pedestrian",1,"US 206","South",206,"","00000206",44.42,"Municipal","Straight and Level","Blacktop","Dry","Daylight","Clear","None","None",NA,"At","NULL","CR 622 / NORTH OLDEN AVE","NULL","","NULL",25,25,0,0,"No","","164",422223.668209,511980.706465,NA,"DVRPC",1,"PDO",13127786,40.2402932,-74.752297
4317118,"2013111113000759","13000759",2013,"MERCER","Trenton City","2013-01-20","Sunday","January","17:27:00",1,"TRENTON PD","WEST",0,0,1,0,1,"Injury","Not At Intersection","No","No","Right Angle",2,"GENERAL GREENE AVE","NULL",NA,"","11111249",0.038,"Municipal","Straight and Level","Blacktop","Dry","Dark (Street Lights On/ continuous)","Clear","None","None",200,"Foot","East","RIVERSIDE AVE","NULL","","NULL",25,25,0,0,"No","","295",412514.246365,507845.249316,NA,"DVRPC",1,"Moderate Injury",13127774,40.226887,-74.78556
4317190,"2013111113001090","13001090",2013,"MERCER","Trenton City","2013-01-29","Tuesday","January","09:54:00",1,"TRENTON PD","SOUTH",0,0,0,0,0,"Property Damage","At Intersection","No","No","Pedestrian",1,"BUSHLER ALY","East",NA,"","11111490",0.1,"Municipal","Straight and Level","Blacktop","Dry","Daylight","Clear","None","None",NA,"At","NULL","HUDSON ST","NULL","","NULL",15,25,0,0,"No","","445",421725.574893,500569.916083,NA,"DVRPC",1,"PDO",13127825,40.20745,-74.752106
4317325,"2013111113001645","13001645",2013,"MERCER","Trenton City","2013-02-15","Friday","February","11:14:00",1,"TRENTON PD","SOUTH",0,0,1,0,1,"Injury","At Intersection","No","No","Pedestrian",1,"W FRONT ST","North",NA,"","11111735",0.1,"Municipal","Straight and Level","Blacktop","Dry","Daylight","Clear","None","None",NA,"At","NULL","S WARREN ST","NULL","","NULL",25,25,0,0,"No","","413",417837.579855,504930.019892,NA,"DVRPC",1,"Pain",13127468,40.219374,-74.766046
4317356,"2013111113001800","13001800",2013,"MERCER","Trenton City","2013-02-19","Tuesday","February","16:16:00",1,"TRENTON PD","SOUTH",0,0,1,0,1,"Injury","At Intersection","No","No","Pedestrian",1,"NJ 129","North",129,"","00000129",2.14,"State Highway","Straight and Level","Blacktop","Wet","Dusk","Rain","Barrier Median","NULL",NA,"At","NULL","CR 606 / HAMILTON AVE","NULL","","NULL",25,25,0,0,"No","","465",420501.763748,502966.212691,NA,"DVRPC",1,"Pain",13021625,40.2135629,-74.7563763
4317448,"2013111113002319","13002319",2013,"MERCER","Trenton City","2013-03-05","Tuesday","March","08:34:00",1,"TRENTON PD","NORTH",0,0,1,0,1,"Injury","Not At Intersection","No","No","Pedestrian",1,"PRINCETON AVE","East",NA,"","",NA,"County","Straight and Level","Blacktop","Dry","Daylight","Clear","None","None",NA,"NULL","NULL","N OLDEN AVE","NULL","","NULL",25,25,0,0,"No","","437",NA,NA,NA,"DVRPC",1,"Pain",13114414,40.240371,-74.752216
4317488,"2013111113002497","13002497",2013,"MERCER","Trenton City","2013-03-09","Saturday","March","19:14:00",1,"TRENTON PD","WEST",0,0,2,0,1,"Injury","Not At Intersection","No","No","Pedestrian",1,"MERCER COUNTY 634","East",634,"","11000634",3.99,"County","Straight and Level","Blacktop","Dry","Dark (Street LIghts On/ spot)","Clear","None","None",60,"Foot","North","GARDNER AVE","NULL","","NULL",40,25,0,0,"No","","595",413410.351574,513694.16535,NA,"DVRPC",1,"Moderate Injury",13114479,40.2435603,-74.7822225
4317506,"2013111113002557","13002557",2013,"MERCER","Trenton City","2013-03-11","Monday","March","13:10:00",1,"TRENTON PD","EAST",0,0,0,0,0,"Property Damage","At Intersection","No","No","Pedestrian",1,"E STATE ST","NULL",NA,"","11111547",0,"Municipal","Straight and Level","Blacktop","Dry","Daylight","Clear","None","None",NA,"At","NULL","N MONTGOMERY ST","NULL","","NULL",NA,NA,0,0,"No","","596",419003.89,505277.25,NA,"DVRPC",1,"PDO",13114471,40.2203391,-74.7618357
4317519,"2013111113002613","13002613",2013,"MERCER","Trenton City","2013-03-13","Wednesday","March","09:07:00",1,"TRENTON PD","NORTH",0,0,1,0,0,"Injury","At Intersection","No","No","Pedestrian",1,"US 206","East",206,"","00000206",44.71,"State Highway","Straight and Level","Blacktop","Dry","Daylight","Clear","None","None",NA,"At","NULL","MULBERRY ST","NULL","","NULL",25,25,0,0,"No","","446",423323.756354,513042.588146,NA,"DVRPC",1,"Pain",13128958,40.2441383,-74.7484015
4317534,"2013111113002695","13002695",2013,"MERCER","Trenton City","2013-03-15","Friday","March","19:42:00",1,"TRENTON PD","EAST",0,0,0,0,0,"Property Damage","Not At Intersection","No","No","Pedestrian",1,"MERCER COUNTY 622","North",622,"","11000622",2.38,"County","Straight and Level","Blacktop","Dry","Dark (Street Lights On/ continuous)","Clear","None","None",30,"Foot","North","HOBART AVE","NULL","","NULL",25,25,0,0,"No","","585",426894.197915,505321.715478,NA,"DVRPC",1,"PDO",13128943,40.22029,-74.733396
4317564,"2013111113002784","13002784",2013,"MERCER","Trenton City","2013-03-18","Monday","March","11:15:00",1,"TRENTON PD","PATROL",0,0,1,0,1,"Injury","At Intersection","No","No","Pedestrian",1,"E STATE ST","East",NA,"","11111547",0.26,"Municipal","Straight and Level","Blacktop","Dry","Daylight","Clear","None","None",NA,"At","NULL","E CANAL ST","NULL","","NULL",25,25,0,0,"No","","541",420375.189768,505492.14872,NA,"DVRPC",1,"Pain",13129052,40.2208351,-74.7577079
4317585,"2013111113002867","13002867",2013,"MERCER","Trenton City","2013-03-20","Wednesday","March","14:11:00",1,"TRENTON PD","PATROL",0,0,1,0,1,"Injury","Not At Intersection","No","No","Pedestrian",1,"SPRING ST","South",NA,"","11111377",0.095,"Municipal","Straight and Level","Blacktop","Dry","Daylight","Clear","None","None",500,"Foot","North","PROSPECT ST","NULL","","NULL",25,25,0,0,"No","","436",414942.650894,507364.536617,NA,"DVRPC",1,"Moderate Injury",13129031,40.2265662,-74.7780507
4317610,"2013111113002951","13002951",2013,"MERCER","Trenton City","2013-03-22","Friday","March","15:35:00",1,"TRENTON PD","EAST",0,0,0,0,0,"Property Damage","Not At Intersection","No","No","Pedestrian",1,"MERCER COUNTY 606","South",606,"","11000606",0.85,"County","Straight and Level","Blacktop","Dry","Daylight","Clear","Painted Median","None",5,"Foot","North","FRANKLIN ST","NULL","","NULL",25,25,0,0,"No","","565",424057.622845,503989.058221,NA,"DVRPC",1,"PDO",13122039,40.210424,-74.738703
4317639,"2013111113003070","13003070",2013,"MERCER","Trenton City","2013-03-26","Tuesday","March","08:17:00",1,"TRENTON PD","PATROL",0,0,0,0,0,"Property Damage","Not At Intersection","No","No","Pedestrian",1,"MERCER COUNTY 636","West",636,"","11000636",0.07,"County","Straight and Level","Concrete","Dry","Daylight","Clear","None","None",NA,"NULL","NULL","CARTERET AVE","NULL","","NULL",25,25,0,0,"No","","531",411094.822501,509961.317501,NA,"DVRPC",1,"PDO",13128869,40.233191,-74.790172
4317833,"2013111113004493","13004493",2013,"MERCER","Trenton City","2013-05-01","Wednesday","May","12:12:00",1,"TRENTON PD","PATROL",0,0,1,0,1,"Injury","At Intersection","No","No","Pedestrian",1,"LIBERTY ST","East",NA,"","11112004",0.87,"Municipal","Straight and Level","Blacktop","Dry","Daylight","Clear","Painted Median","None",NA,"At","NULL","CHAMBERS ST","NULL","","NULL",25,25,0,0,"No","","554",425790.920017,501365.63002,NA,"DVRPC",1,"Pain",13145408,40.2097157,-74.737428
4317844,"2013111113004524","13004524",2013,"MERCER","Trenton City","2013-05-02","Thursday","May","04:39:00",1,"TRENTON PD","SOUTH",0,0,1,0,1,"Injury","Not At Intersection","No","No","Pedestrian",1,"MERCER COUNTY 606","West",606,"","11000606",0.28,"County","Straight and Level","Blacktop","Dry","Dark (Street Lights On/ continuous)","Clear","Painted Median","None",25,"Foot","West","S CLINTON AVE","NULL","","NULL",25,25,0,0,"No","","565",421182.158925,503027.772164,NA,"DVRPC",1,"Moderate Injury",13145396,40.211719,-74.7527549
4317861,"2013111113004596","13004596",2013,"MERCER","Trenton City","2013-05-03","Friday","May","20:13:00",1,"TRENTON PD","WEST",0,0,1,0,1,"Injury","Not At Intersection","No","No","Pedestrian",1,"PASSAIC ST","NULL",NA,"","11111383",0.225,"Municipal","Straight and Level","Blacktop","Dry","Dark (Street Lights On/ continuous)","Clear","None","None",500,"Foot","West","N WILLOW ST","NULL","","NULL",25,25,0,0,"No","","295",416831.695322,506346.532539,NA,"DVRPC",1,"Moderate Injury",13145380,40.2230654,-74.7679693
4317925,"2013111113004862","13004862",2013,"MERCER","Trenton City","2013-05-09","Thursday","May","18:20:00",1,"TRENTON PD","EAST",0,0,1,0,1,"Injury","Not At Intersection","No","No","Same Direction - Side Swipe",1,"S CLINTON AVE","South",NA,"","",NA,"Municipal","Straight and Level","Blacktop","Dry","Daylight","Clear","None","None",20,"Foot","South","TYLER ST","NULL","","NULL",25,25,0,0,"No","","585",NA,NA,NA,"DVRPC",3,"Pain",13502713,40.2156708,-74.7543694
4317954,"2013111113004961","13004961",2013,"MERCER","Trenton City","2013-05-12","Sunday","May","19:27:00",1,"TRENTON PD","SOUTH",0,0,1,0,1,"Injury","At Intersection","No","No","Pedestrian",1,"S BROAD ST","North",NA,"","",NA,"Municipal","Straight and Level","Blacktop","Dry","Daylight","Clear","None","None",NA,"At","NULL","WATSON ST","NULL","","NULL",25,25,0,0,"No","","575",NA,NA,NA,"DVRPC",1,"Pain",13502682,40.207321,-74.750786
4317996,"2013111113005174","13005174",2013,"MERCER","Trenton City","2013-05-17","Friday","May","16:39:00",1,"TRENTON PD","PATROL",0,0,1,0,1,"Injury","At Intersection","No","No","Pedestrian",1,"LIBERTY ST","East",NA,"","11112004",0.44,"Municipal","Straight and Level","Blacktop","Dry","Daylight","Clear","None","None",NA,"At","NULL","GENESEE ST","NULL","","NULL",25,25,0,0,"No","","570",424509.782602,499497.683902,NA,"DVRPC",1,"Pain",13502051,40.2046154,-74.7419807
4318027,"2013111113005277","13005277",2013,"MERCER","Trenton City","2013-05-20","Monday","May","09:25:00",1,"TRENTON PD","SOUTH",0,0,0,0,0,"Property Damage","At Intersection","No","No","Pedestrian",1,"NJ 129","North",129,"","00000129",1.61,"State Highway","Straight and Level","Blacktop","Wet","Daylight","Clear","None","None",NA,"At","NULL","CASS ST","NULL","","NULL",40,25,0,0,"No","","565",420997.20784,500170.371322,NA,"DVRPC",2,"PDO",13501887,40.2059759,-74.7546094
4318058,"2013111113005470","13005470",2013,"MERCER","Trenton City","2013-05-23","Thursday","May","20:32:00",1,"TRENTON PD","PATROL",0,0,1,0,1,"Injury","Not At Intersection","No","No","Pedestrian",1,"MERCER COUNTY 606","West",606,"","11000606",1.46,"County","Straight and Level","Blacktop","Dry","Dark (Street Lights On/ continuous)","Overcast","Painted Median","None",40,"Foot","West","CR 622 / S OLDEN AVE","NULL","","NULL",25,25,0,0,"No","","542",427127.243983,505036.325578,NA,"DVRPC",1,"Pain",13501855,40.2266724,-74.7396627
4318085,"2013111113005600","13005600",2013,"MERCER","Trenton City","2013-05-27","Monday","May","15:15:00",1,"TRENTON PD","PATROL",0,0,0,0,0,"Property Damage","At Intersection","No","No","Pedestrian",1,"MERCER COUNTY 626","North",626,"","11000626",0.79,"County","Straight and Level","Blacktop","Dry","Daylight","Clear","None","None",NA,"At","NULL","MIFFLIN ST","NULL","","NULL",25,25,0,0,"No","DAVID W HUGHES BICYCLE 837 LYNDALE AVE  TRENTON  NJ 08629","499",424813.585059,503127.944901,NA,"DVRPC",1,"PDO",13513282,40.2142149,-74.7408179
4318101,"2013111113005673","13005673",2013,"MERCER","Trenton City","2013-06-06","Thursday","June","13:08:00",1,"TRENTON PD","EAST",0,0,1,0,1,"Injury","At Intersection","No","No","Pedestrian",1,"BARLOW ST","NULL",NA,"","11111422",0.06,"Municipal","Straight at Hillcrest","Blacktop","Dry","Daylight","Clear","None","None",NA,"At","NULL","NJ 33","NULL","","NULL",25,25,0,0,"No","","596",420582.358755,504605.956256,NA,"DVRPC",1,"Pain",13502980,40.2181197,-74.7564251
4318105,"2013111113005688","13005688",2013,"MERCER","Trenton City","2013-05-29","Wednesday","May","18:14:00",1,"TRENTON PD","NORTH",0,0,1,0,1,"Injury","At Intersection","No","No","Struck Parked Vehicle",2,"MERCER COUNTY 622","North",622,"","11000622",3.84,"County","Straight and Grade","Blacktop","Dry","Daylight","Clear","Painted Median","None",NA,"At","NULL","OHIO AVE","NULL","","NULL",25,25,0,0,"No","","566",422696.742107,511596.101491,NA,"DVRPC",1,"Pain",13513264,40.2376448,-74.748644
4318147,"2013111113005852","13005852",2013,"MERCER","Trenton City","2013-06-03","Monday","June","08:35:00",1,"TRENTON PD","SOUTH",0,0,1,0,1,"Injury","At Intersection","No","No","Pedestrian",1,"ADELINE ST","NULL",NA,"","11111533",0.93,"Municipal","Straight and Level","Blacktop","Wet","Daylight","Rain","None","NULL",NA,"At","NULL","HUDSON ST","NULL","","NULL",25,25,0,0,"No","","529",421638.141271,500463.950019,NA,"DVRPC",1,"Moderate Injury",13503006,40.207122,-74.75234
4318200,"2013111113006087","13006087",2013,"MERCER","Trenton City","2013-06-09","Sunday","June","01:50:00",1,"TRENTON PD","PATROL",0,0,1,0,1,"Injury","At Intersection","No","No","Pedestrian",1,"CHESTNUT AVE","North",NA,"","",NA,"Municipal","Straight and Level","Blacktop","Dry","Dark (Street Lights On/ continuous)","Clear","None","None",NA,"At","NULL","BAYARD ST","NULL","","NULL",25,25,0,0,"No","","542",NA,NA,NA,"DVRPC",1,"Pain",13502787,40.214749,-74.747807
4318207,"2013111113006123","13006123",2013,"MERCER","Trenton City","2013-06-09","Sunday","June","18:00:00",1,"TRENTON PD","SOUTH",0,0,1,0,1,"Injury","At Intersection","No","No","Fixed Object",1,"JERSEY ST","East",NA,"","",NA,"Municipal","Straight and Level","Blacktop","Dry","Daylight","Clear","Painted Median","None",NA,"At","NULL","LALOR ST","NULL","","NULL",25,25,0,0,"No","","596",NA,NA,NA,"DVRPC",1,"Pain",13502780,40.1987188,-74.7501107
4318227,"2013111113006234","13006234",2013,"MERCER","Trenton City","2013-06-12","Wednesday","June","15:25:00",1,"TRENTON PD","NORTH",0,0,1,0,1,"Injury","Not At Intersection","No","No","Pedestrian",1,"SOUTHARD ST","South",NA,"","",NA,"Municipal","Straight and Level","Blacktop","NULL","Daylight","NULL","None","None",NA,"NULL","NULL","MARTIN LUTHER KING JR BLVD","NULL","","NULL",25,25,0,0,"No","","555",NA,NA,NA,"DVRPC",1,"Moderate Injury",13511591,40.232128,-74.760626
4318265,"2013111113006417","13006417",2013,"MERCER","Trenton City","2013-06-17","Monday","June","11:17:00",1,"TRENTON PD","NORTH",0,0,1,0,1,"Injury","At Intersection","No","No","Pedestrian",1,"PERRY ST","West",NA,"","11111556",0.06,"Municipal","Straight and Level","Blacktop","Dry","Daylight","Clear","Painted Median","None",NA,"At","NULL","N BROAD ST","NULL","","NULL",25,25,0,0,"No","","529",418301.62,506156.16,NA,"DVRPC",1,"Pain",13511599,40.222722,-74.764383
4318291,"2013111113006590","13006590",2013,"MERCER","Trenton City","2013-06-21","Friday","June","14:10:00",1,"TRENTON PD","PATROL",0,0,1,0,1,"Injury","At Intersection","No","No","Pedestrian",1,"ERNIE KOVACS PL","West",NA,"","",NA,"Municipal","Straight and Level","Blacktop","Dry","Daylight","Clear","None","None",NA,"At","NULL","S MONTGOMERY ST","NULL","","NULL",25,25,0,0,"No","","531",NA,NA,NA,"DVRPC",1,"Moderate Injury",13507583,40.2195381,-74.7616796
4318380,"2013111113007052","13007052",2013,"MERCER","Trenton City","2013-07-02","Tuesday","July","19:53:00",1,"TRENTON PD","PATROL",0,0,1,0,1,"Injury","At Intersection","No","No","Pedalcyclist",1,"FERRY ST","East",NA,"","11111531",0.3,"Municipal","Straight and Level","Blacktop","Wet","Dark (Street Lights On/ continuous)","Rain","None","None",NA,"At","NULL","S BROAD ST","NULL","","NULL",25,25,0,0,"No","36'' BLACK BIKE JAHMEL - GLANTON 10 JERSEY ST  TRENTON  NJ 08611","603",419664.21,502705.95,NA,"DVRPC",1,"Pain",13509387,40.2132814,-74.759464
4318396,"2013111113007141","13007141",2013,"MERCER","Trenton City","2013-07-04","Thursday","July","20:53:00",1,"TRENTON PD","PATROL",0,0,1,0,1,"Injury","Not At Intersection","No","No","Pedestrian",1,"SWEETS AVE","North",NA,"","",NA,"Municipal","Straight and Grade","Blacktop","Dry","Dusk","Clear","None","None",500,"Foot","South","CALHOUN ST","NULL","","NULL",25,25,0,0,"No","","584",NA,NA,NA,"DVRPC",1,"Pain",13509308,40.23007,-74.767529
4318415,"2013111113007241","13007241",2013,"MERCER","Trenton City","2013-07-06","Saturday","July","23:24:00",1,"TRENTON PD","TRENTON",0,0,1,0,1,"Injury","At Intersection","No","No","Pedestrian",1,"S CLINTON AVE","South",NA,"","",NA,"Municipal","Straight and Level","Blacktop","Dry","Dark (Street Lights On/ continuous)","Clear","Painted Median","None",NA,"At","NULL","RAOUL WALLENBERG BLVD","NULL","","NULL",35,NA,0,0,"No","","575",NA,NA,NA,"DVRPC",1,"Moderate Injury",13509202,40.2189119,-74.7550056
4318426,"2013111113007304","13007304",2013,"MERCER","Trenton City","2013-07-08","Monday","July","11:32:00",1,"TRENTON PD","EAST",0,0,1,0,1,"Injury","At Intersection","No","No","Pedestrian",1,"NJ 129","North",129,"","00000129",2.14,"State Highway","Straight and Level","Blacktop","Dry","Daylight","Clear","Curbed Median","None",NA,"At","NULL","CR 606 / HAMILTON AVE","NULL","","NULL",40,25,0,0,"No","","414",420501.763748,502966.212691,NA,"DVRPC",1,"Moderate Injury",13509484,40.2135629,-74.7563763
4318428,"2013111113007321","13007321",2013,"MERCER","Trenton City","2013-07-08","Monday","July","17:58:00",1,"TRENTON PD","NORTH",0,0,1,0,1,"Injury","At Intersection","No","No","Pedestrian",1,"US 206","NULL",206,"","00000206",NA,"State Highway","Straight and Level","Blacktop","Dry","Daylight","Clear","None","None",NA,"At","NULL","SOUTHARD ST","NULL","","NULL",25,NA,0,0,"No","","618",NA,NA,NA,"DVRPC",1,"Pain",13509481,40.232128,-74.760626
4318429,"2013111113007323","13007323",2013,"MERCER","Trenton City","2013-07-08","Monday","July","18:27:00",1,"TRENTON PD","PATROL",0,0,1,0,1,"Injury","Not At Intersection","No","No","Pedestrian",1,"MERCER COUNTY 606","West",606,"","11000606",1.58,"County","Straight and Level","Blacktop","Dry","Daylight","Clear","None","None",NA,"NULL","NULL","CLEVELAND AVE","NULL","","NULL",25,25,0,0,"No","","596",427722.13,505239.83,NA,"DVRPC",1,"Pain",13509482,40.2202892,-74.7306265
4318559,"2013111113008053","13008053",2013,"MERCER","Trenton City","2013-07-26","Friday","July","06:51:00",1,"TRENTON PD","PATROL",0,0,0,0,0,"Property Damage","At Intersection","No","No","Pedestrian",1,"S CLINTON AVE","West",NA,"","11031969",2.25,"Municipal","Straight and Level","Blacktop","Dry","Daylight","Clear","Painted Median","None",NA,"At","NULL","LIBERTY ST","NULL","","NULL",25,25,0,0,"No","","585",424686.74,499757.87,NA,"DVRPC",1,"PDO",13511365,40.2052094,-74.7414517
4318575,"2013111113008156","13008156",2013,"MERCER","Trenton City","2013-07-28","Sunday","July","02:57:00",1,"TRENTON PD","PATROL",0,1,1,0,1,"Injury","At Intersection","No","No","Pedestrian",1,"NJ 129","South",129,"","00000129",2.14,"State Highway","Straight and Grade","Blacktop","Dry","Dark (Street Lights On/ continuous)","Clear","Barrier Median","None",NA,"At","NULL","CR 606 / HAMILTON AVE","NULL","","NULL",55,25,0,0,"No","","585",420501.763748,502966.212691,NA,"DVRPC",1,"Incapacitating Injury",13511404,40.2135629,-74.7563763
4318591,"2013111113008223","13008223",2013,"MERCER","Trenton City","2013-07-29","Monday","July","16:37:00",1,"TRENTON PD","PATROL",0,0,1,0,1,"Injury","Not At Intersection","No","No","Pedestrian",1,"CHESTNUT AVE","South",NA,"","11111537",0.61,"Municipal","Straight and Level","Blacktop","Dry","Daylight","Clear","None","None",30,"Foot","North","KENT ST","NULL","","NULL",25,25,0,0,"No","","499",423057.22,502731.82,NA,"DVRPC",1,"Pain",13511432,40.213558,-74.747381
4318676,"2013111113008681","13008681",2013,"MERCER","Trenton City","2013-08-08","Thursday","August","19:35:00",1,"TRENTON PD","EAST",0,0,1,0,1,"Injury","Not At Intersection","No","No","Pedestrian",1,"ARDMORE AVE","South",NA,"","",NA,"Municipal","Straight and Level","Blacktop","Dry","Daylight","Clear","None","None",100,"Foot","North","HAMILTON AVE","NULL","","NULL",25,25,0,0,"No","","585",NA,NA,NA,"DVRPC",1,"Pain",13502917,40.21884,-74.736091